"Latitude","Longitude"
51.124065,17.041012
51.124054,17.040968
51.124054,17.041037
51.12404,17.04099
51.124054,17.040976
51.124054,17.040972
51.12406,17.040985
51.124035,17.04099
51.123405,17.039902
51.123695,17.035807
51.1242,17.034773
51.12482,17.035229
51.125534,17.035826
51.12882,17.036741
51.13275,17.036459
51.133472,17.036072
51.133606,17.036001
51.135532,17.036428
51.137886,17.034838
51.141056,17.03212
51.14533,17.030813
51.147907,17.03005
51.15029,17.028023
51.149868,17.02669
51.1059,17.07668
51.150097,17.02774
51.107773,17.071388
51.150097,17.02774
51.108532,17.072514
51.150047,17.027721
51.110447,17.079355
51.15008,17.027727
51.112026,17.08488
51.15011,17.027718
51.101395,17.10964
51.113,17.08819
51.116688,17.090046
51.15011,17.027727
51.101303,17.108631
51.117184,17.087029
51.1501,17.027718
51.102257,17.102062
51.15024,17.028923
51.10318,17.096039
51.11701,17.08219
51.116947,17.082037
51.14831,17.02991
51.10384,17.092133
51.114906,17.073288
51.1043,17.084154
51.10462,17.081
51.114693,17.07153
51.115475,17.064589
51.107197,17.072994
51.11588,17.061033
51.1081,17.07104
51.11991,17.05651
51.109814,17.07718
51.122208,17.052332
51.11178,17.084124
51.124115,17.04484
51.112747,17.08661
51.12353,17.039898
51.114178,17.090282
51.123768,17.035896
51.117035,17.086863
51.124786,17.03526
51.11686,17.081972
51.128452,17.036652
51.115593,17.075134
51.133446,17.036142
51.114906,17.073269
51.133434,17.03615
51.114872,17.07004
51.135574,17.036451
51.11564,17.06277
51.13963,17.032673
51.11582,17.06127
51.139675,17.032675
51.117367,17.060858
51.14188,17.031918
51.119934,17.056501
51.10106,17.109737
51.146534,17.030514
51.122192,17.052334
51.101173,17.108702
51.1475,17.030235
51.12466,17.04521
51.10219,17.102331
51.1475,17.030237
51.123833,17.041656
51.10298,17.097717
51.12326,17.038214
51.103558,17.093184
51.12326,17.038214
51.10436,17.086786
51.1259,17.035944
51.10438,17.084187
51.1285,17.036697
51.105732,17.077108
51.13295,17.036354
51.10688,17.07411
51.133434,17.036064
51.107826,17.071342
51.13551,17.036427
51.10922,17.075134
51.135548,17.036402
51.11034,17.078981
51.13776,17.035149
51.112034,17.084867
51.141167,17.032116
51.112865,17.08737
51.14374,17.031315
51.11585,17.090172
51.147507,17.030195
51.117092,17.087181
51.149445,17.029606
51.11685,17.082043
51.115814,17.076082
51.115128,17.073565
51.114723,17.071835
51.114708,17.071535
51.101086,17.10958
51.115704,17.062061
51.101444,17.106941
51.11587,17.060965
51.10222,17.10206
51.11908,17.057968
51.103218,17.095737
51.12013,17.05607
51.1039,17.090227
51.12195,17.052824
51.104355,17.0841
51.122814,17.051056
51.10557,17.077696
51.12472,17.045355
51.10705,17.073444
51.124104,17.044884
51.108,17.070984
51.12404,17.043812
51.109447,17.075787
51.123493,17.04015
51.111282,17.082207
51.123707,17.035902
51.11246,17.085632
51.124287,17.034918
51.113728,17.090366
51.12479,17.035227
51.11722,17.089787
51.12481,17.035194
51.116898,17.08525
51.12556,17.035738
51.115967,17.079683
51.128754,17.036709
51.115448,17.07436
51.132534,17.03662
51.11474,17.072802
51.1355,17.036455
51.101177,17.108894
51.115005,17.067648
51.137764,17.035158
51.10198,17.103798
51.11575,17.061396
51.138813,17.033163
51.103046,17.097057
51.115788,17.061178
51.1397,17.032587
51.10324,17.095686
51.118168,17.059574
51.14312,17.03165
51.104492,17.08457
51.12015,17.056162
51.1453,17.0309
51.105556,17.07764
51.122192,17.052382
51.15024,17.029036
51.107273,17.072802
51.124645,17.045986
51.108673,17.07273
51.124092,17.044888
51.110725,17.080233
51.12385,17.04214
51.1123,17.08529
51.12339,17.03979
51.11388,17.090363
51.124252,17.03484
51.11725,17.089785
51.12484,17.0352
51.116875,17.081964
51.124844,17.035175
51.11562,17.074816
51.127766,17.036442
51.11468,17.071001
51.131,17.037262
51.11524,17.066448
51.133396,17.036106
51.11578,17.061314
51.13389,17.035912
51.11857,17.058872
51.135548,17.036406
51.12105,17.054432
51.1382,17.034273
51.12218,17.0524
51.14057,17.03228
51.12218,17.0524
51.144375,17.03112
51.12462,17.04584
51.14698,17.030338
51.12408,17.044888
51.150288,17.028456
51.12396,17.04482
51.123455,17.040133
51.10145,17.109945
51.123455,17.036112
51.10144,17.109602
51.12431,17.03473
51.10149,17.106857
51.124813,17.035263
51.102287,17.101871
51.128193,17.036573
51.10327,17.09582
51.13168,17.037214
51.10395,17.089918
51.13439,17.036179
51.10444,17.084719
51.135506,17.036465
51.10536,17.078577
51.13973,17.032555
51.107063,17.073483
51.143353,17.031511
51.108067,17.071012
51.145973,17.03067
51.109077,17.074831
51.14753,17.030159
51.111225,17.082336
51.112385,17.085464
51.1147,17.090408
51.117294,17.088434
51.116894,17.083025
51.11598,17.078789
51.101414,17.109951
51.115524,17.074736
51.10177,17.104977
51.11514,17.073528
51.102646,17.099459
51.115208,17.066624
51.103615,17.093315
51.115746,17.061323
51.10449,17.085682
51.11754,17.060772
51.104603,17.081888
51.11994,17.056488
51.10646,17.07536
51.12197,17.052652
51.1078,17.07133
51.124443,17.046963
51.109272,17.066378
51.12411,17.044876
51.110634,17.06224
51.12385,17.043962
51.11131,17.061316
51.123802,17.04143
51.11342,17.060406
51.12376,17.035868
51.115673,17.060839
51.1243,17.034754
51.11904,17.058046
51.125748,17.03598
51.120827,17.05481
51.128227,17.036674
51.12221,17.052406
51.1011,17.10936
51.131287,17.037315
51.124706,17.04583
51.10111,17.109394
51.133423,17.036083
51.12467,17.045807
51.101387,17.109863
51.13558,17.036404
51.12402,17.044071
51.10123,17.109106
51.13844,17.033836
51.123432,17.039755
51.10123,17.108688
51.141907,17.031878
51.124046,17.035767
51.101273,17.108013
51.14456,17.03107
51.124405,17.034334
51.10294,17.098326
51.149506,17.029573
51.1249,17.035404
51.10383,17.091597
51.12814,17.036528
51.10438,17.08663
51.13184,17.036968
51.104607,17.082008
51.133434,17.036104
51.105732,17.077038
51.13555,17.036451
51.10774,17.071169
51.13846,17.034004
51.10949,17.06566
51.1397,17.032604
51.110626,17.062374
51.1411,17.03215
51.111935,17.06119
51.144394,17.031185
51.101425,17.109882
51.11355,17.060371
51.144394,17.031185
51.10143,17.109894
51.115284,17.060644
51.150215,17.029337
51.101387,17.109869
51.115932,17.060814
51.150295,17.026453
51.101345,17.109867
51.11883,17.058197
51.150112,17.027718
51.1014,17.109907
51.120075,17.05625
51.15012,17.027742
51.101444,17.109913
51.121975,17.052773
51.1501,17.027765
51.101364,17.109892
51.123413,17.048937
51.150124,17.027784
51.101387,17.109499
51.124397,17.045074
51.15009,17.02778
51.10124,17.109095
51.124413,17.045084
51.1501,17.027706
51.10122,17.109106
51.12407,17.043734
51.1501,17.027716
51.101933,17.103775
51.12325,17.037888
51.150105,17.02768
51.102665,17.09932
51.124348,17.03506
51.1501,17.027697
51.103565,17.092945
51.124863,17.035192
51.15011,17.027725
51.104435,17.08601
51.1251,17.035816
51.14988,17.029434
51.104385,17.08423
51.128193,17.03638
51.10576,17.077147
51.12996,17.036943
51.10788,17.07107
51.133205,17.036278
51.10138,17.110077
51.109955,17.064423
51.133488,17.036121
51.10142,17.110119
51.110588,17.062208
51.135654,17.036428
51.101448,17.11015
51.11162,17.061102
51.137947,17.034893
51.10137,17.110067
51.11334,17.060385
51.140755,17.032263
51.101345,17.11003
51.1154,17.060703
51.1444,17.031153
51.101303,17.110073
51.117496,17.060738
51.14751,17.030228
51.10134,17.110094
51.119873,17.056528
51.15027,17.028633
51.101345,17.110096
51.122,17.05277
51.149952,17.02739
51.101334,17.110064
51.124653,17.045841
51.101326,17.110044
51.12411,17.044857
51.101486,17.109686
51.124092,17.044893
51.10151,17.109701
51.124027,17.042933
51.1015,17.109657
51.123196,17.037664
51.101185,17.108635
51.12428,17.034937
51.102165,17.102314
51.12482,17.035172
51.10286,17.098259
51.12726,17.036304
51.103867,17.090628
51.130085,17.037045
51.104366,17.086737
51.133446,17.03609
51.104435,17.084618
51.133835,17.03593
51.105633,17.077528
51.135735,17.03639
51.107075,17.073362
51.139626,17.032642
51.1078,17.0713
51.140945,17.032187
51.10128,17.109947
51.10988,17.064476
51.14435,17.031157
51.101326,17.110031
51.111332,17.061312
51.14768,17.030134
51.101475,17.109789
51.111263,17.06129
51.15027,17.028557
51.10148,17.109781
51.11242,17.060648
51.149914,17.027147
51.101467,17.109793
51.11348,17.060377
51.150105,17.027615
51.101444,17.109806
51.115852,17.060812
51.150074,17.027597
51.101425,17.109766
51.118347,17.059124
51.150112,17.02763
51.10142,17.109787
51.12121,17.054136
51.150093,17.027618
51.10143,17.109732
51.12291,17.050406
51.15008,17.027636
51.10144,17.109755
51.124657,17.045761
51.15011,17.027643
51.10116,17.108978
51.124092,17.04486
51.150112,17.02764
51.10116,17.108997
51.123985,17.044024
51.15011,17.027632
51.101147,17.109001
51.123165,17.03805
51.150074,17.027605
51.10118,17.10858
51.123672,17.035799
51.150253,17.028872
51.102627,17.099968
51.1243,17.034914
51.103455,17.093863
51.12512,17.0358
51.1039,17.09035
51.128487,17.036608
51.10418,17.087984
51.10111,17.109499
51.133446,17.036093
51.10472,17.080881
51.101112,17.10965
51.13348,17.036077
51.107067,17.073492
51.10114,17.109678
51.13554,17.036388
51.108097,17.070429
51.1011,17.109697
51.13804,17.034567
51.109337,17.06614
51.101074,17.10975
51.13965,17.03263
51.10994,17.064335
51.101467,17.109917
51.141083,17.032154
51.111275,17.061296
51.101425,17.10966
51.14436,17.031153
51.11257,17.060577
51.101467,17.10974
51.147507,17.030203
51.11582,17.060883
51.10146,17.109776
51.119934,17.056524
51.101448,17.109741
51.14995,17.027206
51.121414,17.053713
51.101444,17.109737
51.150093,17.027632
51.123886,17.047827
51.101456,17.10969
51.150127,17.027634
51.12464,17.045866
51.10146,17.10968
51.15014,17.027662
51.12414,17.044884
51.1012,17.109087
51.150135,17.027676
51.12406,17.04311
51.101177,17.109035
51.1502,17.027954
51.123405,17.036266
51.101734,17.105032
51.150208,17.027967
51.124287,17.034967
51.10224,17.10189
51.150208,17.027958
51.124832,17.0352
51.10323,17.095837
51.150227,17.028881
51.125004,17.035759
51.103874,17.090237
51.14952,17.029488
51.128147,17.03659
51.10446,17.084675
51.12846,17.03665
51.10457,17.081926
51.133427,17.0361
51.106365,17.075306
51.133415,17.036097
51.1081,17.070219
51.13554,17.03642
51.109802,17.064646
51.137768,17.035112
51.111248,17.061445
51.14122,17.0321
51.11128,17.061312
51.101418,17.10976
51.14462,17.031057
51.113415,17.060434
51.101425,17.109755
51.1479,17.030056
51.11407,17.060394
51.101425,17.109755
51.11558,17.060806
51.10131,17.109348
51.150055,17.027689
51.11981,17.05696
51.101288,17.109312
51.150055,17.027704
51.12119,17.054043
51.101288,17.10926
51.150055,17.027704
51.1229,17.050493
51.101288,17.109262
51.150032,17.027714
51.12463,17.045862
51.101143,17.10897
51.150055,17.0277
51.12409,17.044912
51.101166,17.109007
51.15004,17.027689
51.123436,17.040268
51.1012,17.109024
51.15006,17.02769
51.12336,17.036495
51.101715,17.105108
51.150043,17.027683
51.124336,17.035027
51.102665,17.099518
51.150066,17.027672
51.1248,17.035162
51.10321,17.09619
51.150055,17.027687
51.124943,17.035734
51.103867,17.090714
51.128384,17.036633
51.104454,17.08463
51.13002,17.037045
51.104385,17.084084
51.133453,17.036106
51.10632,17.075565
51.13474,17.036396
51.10112,17.109955
51.10709,17.073416
51.13719,17.03588
51.101414,17.110003
51.10808,17.07034
51.13965,17.032635
51.10144,17.109974
51.10986,17.06465
51.141155,17.032148
51.101494,17.109726
51.11128,17.061338
51.14435,17.031166
51.10148,17.109673
51.112347,17.060667
51.14768,17.030167
51.10148,17.109655
51.113953,17.060352
51.10148,17.1097
51.115482,17.060854
51.1499,17.02706
51.101486,17.109646
51.11723,17.061327
51.150085,17.027782
51.101425,17.109594
51.11989,17.056437
51.15008,17.02774
51.101135,17.108871
51.121986,17.052729
51.150043,17.027782
51.101173,17.108913
51.12469,17.04583
51.150097,17.027746
51.101147,17.108942
51.12468,17.04583
51.150093,17.027742
51.10118,17.108643
51.124104,17.044884
51.150085,17.027813
51.10216,17.102303
51.124073,17.04392
51.150063,17.027788
51.102894,17.09794
51.123512,17.040264
51.150074,17.027782
51.10346,17.093777
51.123554,17.03607
51.150085,17.027765
51.104233,17.087502
51.12432,17.03444
51.150116,17.02777
51.10443,17.084593
51.124813,17.035236
51.150116,17.02777
51.105736,17.077154
51.12584,17.035994
51.1501,17.027805
51.10721,17.073015
51.12855,17.036707
51.14894,17.02975
51.109188,17.066656
51.13324,17.036213
51.11041,17.062994
51.134373,17.036173
51.11133,17.061314
51.13572,17.036467
51.10148,17.109665
51.11134,17.061335
51.139626,17.032661
51.10144,17.109663
51.113354,17.060387
51.139637,17.032593
51.10145,17.109688
51.11437,17.06047
51.141926,17.031958
51.101467,17.109713
51.11564,17.060734
51.145447,17.030844
51.10152,17.109707
51.119255,17.057575
51.149548,17.029575
51.101475,17.1097
51.119892,17.05649
51.10153,17.109745
51.122185,17.052423
51.150352,17.027594
51.101192,17.108868
51.124752,17.045652
51.150074,17.027735
51.101173,17.108862
51.124107,17.044859
51.15011,17.027786
51.10116,17.108795
51.123985,17.044065
51.150093,17.027782
51.10116,17.108707
51.123505,17.040205
51.150154,17.027817
51.102745,17.099142
51.123447,17.036478
51.150127,17.027803
51.10361,17.092796
51.12431,17.034903
51.15011,17.027771
51.10428,17.087355
51.124847,17.035233
51.150055,17.02777
51.105156,17.078917
51.124836,17.035192
51.15008,17.027765
51.106514,17.075037
51.125435,17.035915
51.150078,17.027798
51.108242,17.069561
51.128395,17.036598
51.150246,17.028929
51.109833,17.064455
51.131046,17.037273
51.149338,17.029608
51.111313,17.06133
51.133415,17.036062
51.11448,17.060509
51.13556,17.036407
51.11569,17.060513
51.137226,17.035814
51.11674,17.061619
51.139694,17.032574
51.119892,17.056517
51.144386,17.0311
51.121567,17.05347
51.14612,17.030586
51.12221,17.052464
51.150208,17.029255
51.12221,17.052464
51.150307,17.028135
51.124645,17.045887
51.124077,17.044842
51.124107,17.044842
51.124027,17.042988
51.12343,17.03981
51.10222,17.101902
51.12346,17.03658
51.103153,17.096159
51.1243,17.034918
51.103626,17.092474
51.124813,17.035255
51.104374,17.086636
51.124813,17.035255
51.104385,17.084436
51.127014,17.036213
51.10555,17.077726
51.12848,17.036716
51.10708,17.073475
51.133453,17.036081
51.10814,17.0701
51.134068,17.035967
51.109646,17.06519
51.135532,17.036448
51.11048,17.062654
51.138855,17.033125
51.111286,17.06132
51.139717,17.032576
51.10111,17.109337
51.11133,17.06138
51.143505,17.031385
51.10109,17.109362
51.113422,17.06042
51.144672,17.031004
51.10145,17.109856
51.113422,17.06042
51.150215,17.02929
51.10149,17.109806
51.115665,17.060781
51.101486,17.10982
51.119186,17.057867
51.101513,17.109821
51.121407,17.053799
51.101513,17.109821
51.123745,17.04817
51.101513,17.109821
51.124645,17.04583
51.101215,17.108864
51.124115,17.044867
51.101486,17.106752
51.124126,17.044905
51.103035,17.0972
51.124035,17.042906
51.103592,17.093327
51.123158,17.03808
51.10417,17.088106
51.12344,17.036224
51.104614,17.08193
51.12428,17.034931
51.10584,17.077127
51.124767,17.034622
51.107212,17.073261
51.12482,17.035204
51.10932,17.066347
51.1251,17.035786
51.110626,17.062416
51.12818,17.036545
51.101147,17.108774
51.111332,17.061337
51.13233,17.036697
51.101112,17.10876
51.11133,17.061346
51.13342,17.036098
51.10152,17.10976
51.111588,17.061152
51.135525,17.036411
51.101532,17.109726
51.11356,17.060358
51.135693,17.036388
51.101574,17.109716
51.11526,17.060781
51.139652,17.032612
51.101498,17.109686
51.115494,17.060627
51.141068,17.032146
51.10146,17.109686
51.117794,17.060719
51.144657,17.031069
51.101475,17.109743
51.12202,17.05272
51.14802,17.030033
51.101295,17.109203
51.12295,17.05046
51.15027,17.028536
51.101185,17.108995
51.12412,17.044914
51.101135,17.108952
51.12411,17.044863
51.15008,17.027624
51.102226,17.10234
51.12408,17.043125
51.150047,17.027626
51.102913,17.098408
51.123306,17.037683
51.150055,17.027641
51.103252,17.095821
51.123425,17.036207
51.150074,17.027653
51.10392,17.090353
51.124332,17.034836
51.150074,17.027676
51.104507,17.084696
51.124805,17.035378
51.150055,17.027664
51.10535,17.078373
51.12705,17.036207
51.15006,17.02765
51.10674,17.074375
51.128567,17.036745
51.150234,17.028875
51.10782,17.07129
51.13342,17.036104
51.109848,17.0646
51.133427,17.036123
51.110447,17.062834
51.133427,17.036108
51.1113,17.061342
51.135838,17.036455
51.1014,17.10987
51.11315,17.060501
51.139668,17.032654
51.10142,17.109869
51.11444,17.060566
51.141365,17.032076
51.10142,17.109842
51.115955,17.06093
51.146187,17.030645
51.10142,17.10983
51.118107,17.059729
51.14942,17.029634
51.1014,17.109827
51.12008,17.056065
51.10121,17.109121
51.12203,17.052694
51.15008,17.027763
51.10122,17.109142
51.123745,17.048243
51.101204,17.109118
51.124146,17.044918
51.1012,17.10912
51.124153,17.044962
51.101933,17.103848
51.123688,17.041227
51.102787,17.098894
51.123226,17.038359
51.103867,17.090652
51.12377,17.035744
51.104454,17.086006
51.124382,17.034431
51.105026,17.079294
51.124874,17.035288
51.105694,17.077396
51.125885,17.036097
51.107807,17.071342
51.128155,17.036564
51.15026,17.028915
51.10861,17.068403
51.128525,17.03666
51.150246,17.0292
51.110607,17.062414
51.13176,17.037066
51.111294,17.06133
51.13354,17.036072
51.111263,17.061321
51.13556,17.03649
51.10108,17.109606
51.11326,17.060467
51.137806,17.03512
51.10137,17.10992
51.11508,17.060722
51.139694,17.032616
51.101395,17.109735
51.115948,17.060904
51.1397,17.0326
51.10138,17.109756
51.119347,17.05749
51.14436,17.031181
51.10145,17.109804
51.11989,17.056541
51.14744,17.03025
51.10146,17.109829
51.12219,17.052368
51.149223,17.029703
51.10142,17.109749
51.12462,17.045912
51.1504,17.02752
51.101383,17.10975
51.12409,17.044851
51.101147,17.108898
51.12409,17.043152
51.101185,17.108646
51.123493,17.0402
51.10187,17.10401
51.12348,17.036186
51.10295,17.097725
51.12431,17.03493
51.103493,17.093536
51.124783,17.035168
51.104195,17.087877
51.124786,17.035158
51.104435,17.084656
51.125805,17.035961
51.15031,17.028547
51.105595,17.077723
51.128155,17.036566
51.150288,17.029
51.107098,17.073477
51.13098,17.037283
51.107765,17.07141
51.13425,17.036037
51.109863,17.064407
51.135513,17.036394
51.110477,17.062588
51.13873,17.03337
51.101234,17.109535
51.111347,17.061361
51.13986,17.032537
51.10128,17.109434
51.112263,17.060724
51.143246,17.031485
51.101246,17.10978
51.11465,17.06052
51.145374,17.030838
51.101326,17.10974
51.11585,17.060875
51.149666,17.02954
51.101383,17.109875
51.11946,17.057177
51.15029,17.027775
51.101208,17.109205
51.1212,17.05417
51.150093,17.0264
51.101154,17.109018
51.1228,17.05075
51.15011,17.027622
51.101246,17.10899
51.12466,17.045835
51.1501,17.027613
51.101173,17.10888
51.12464,17.045845
51.150105,17.027618
51.101128,17.109049
51.124115,17.044905
51.15011,17.027632
51.10178,17.104666
51.1241,17.044868
51.15011,17.027624
51.10178,17.104666
51.12347,17.040188
51.150093,17.027626
51.103188,17.09632
51.123375,17.036552
51.15011,17.027628
51.10388,17.090828
51.123745,17.035831
51.1501,17.02763
51.104435,17.08628
51.12436,17.03436
51.15028,17.02828
51.104824,17.080143
51.125134,17.0358
51.150234,17.028864
51.10574,17.077463
51.12819,17.036554
51.10708,17.073465
51.131947,17.03692
51.108498,17.06885
51.133465,17.036064
51.109974,17.064596
51.13348,17.036041
51.11111,17.061258
51.135063,17.036488
51.101154,17.108757
51.11157,17.061174
51.13777,17.035116
51.101154,17.108757
51.113132,17.060654
51.139694,17.032578
51.101456,17.109785
51.115673,17.0606
51.140556,17.032288
51.101482,17.109812
51.1189,17.058153
51.14201,17.031847
51.10146,17.109709
51.12006,17.056345
51.147045,17.030308
51.101448,17.109726
51.122974,17.050814
51.149334,17.029606
51.101467,17.10974
51.124615,17.0456
51.101234,17.109156
51.124565,17.045223
51.101185,17.109116
51.124126,17.045027
51.101414,17.106646
51.12393,17.044794
51.102165,17.102331
51.123886,17.042685
51.103195,17.095778
51.12335,17.037565
51.10384,17.090733
51.123745,17.036068
51.10442,17.084642
51.12443,17.035028
51.104877,17.07987
51.12478,17.035074
51.107132,17.073587
51.124794,17.035238
51.10784,17.07127
51.12728,17.036404
51.109806,17.064835
51.12848,17.036695
51.11072,17.061989
51.132885,17.036276
51.111305,17.06136
51.134296,17.035917
51.113388,17.060446
51.13547,17.036306
51.114243,17.060476
51.13946,17.032543
51.11552,17.060823
51.14081,17.032166
51.10116,17.108618
51.11989,17.056662
51.143982,17.031086
51.101437,17.109758
51.12108,17.054363
51.145557,17.03069
51.101395,17.109613
51.12221,17.052416
51.14743,17.030252
51.101185,17.109097
51.12414,17.04487
51.15032,17.028502
51.101166,17.108995
51.1241,17.04491
51.150394,17.027025
51.101173,17.109
51.12351,17.040266
51.150146,17.027716
51.10118,17.108973
51.123333,17.03658
51.15005,17.027681
51.101467,17.107185
51.1237,17.03592
51.150085,17.027683
51.102192,17.102243
51.12429,17.034435
51.15011,17.027697
51.103268,17.095825
51.12508,17.035824
51.150063,17.027704
51.10392,17.09029
51.12816,17.036589
51.15012,17.027603
51.104454,17.086168
51.131733,17.037148
51.15001,17.027617
51.1049,17.080435
51.13364,17.036018
51.150288,17.028826
51.1056,17.077692
51.13553,17.036482
51.107826,17.07128
51.138233,17.034416
51.108685,17.068298
51.139664,17.032635
51.10996,17.064228
51.141094,17.032188
51.1112,17.06124
51.144352,17.031185
51.10142,17.109797
51.11128,17.061182
51.147305,17.030315
51.10142,17.109797
51.114822,17.060617
51.150253,17.028547
51.101456,17.10979
51.11589,17.06087
51.150356,17.02767
51.101456,17.10981
51.119373,17.057621
51.150192,17.027779
51.101494,17.109808
51.121,17.054556
51.150177,17.027739
51.10117,17.108955
51.1229,17.05055
51.150154,17.027723
51.10112,17.109028
51.124622,17.04564
51.15016,17.027718
51.10113,17.108973
51.12459,17.045431
51.150135,17.02769
51.10119,17.108658
51.12414,17.04478
51.150154,17.02769
51.102207,17.10227
51.12406,17.044882
51.150154,17.027721
51.102985,17.097595
51.1235,17.0402
51.150146,17.027756
51.103786,17.09118
51.123413,17.036678
51.150154,17.027716
51.10417,17.088129
51.12436,17.035013
51.150166,17.027704
51.104416,17.084606
51.124832,17.035202
51.150307,17.028181
51.10557,17.077715
51.1254,17.036022
51.150253,17.02896
51.10557,17.077715
51.12821,17.036552
51.108395,17.069149
51.13124,17.037333
51.10977,17.064825
51.13344,17.0361
51.11056,17.062431
51.133465,17.03612
51.10124,17.109955
51.111355,17.061287
51.133453,17.036142
51.101444,17.10991
51.113464,17.060413
51.135777,17.036415
51.101475,17.10996
51.11349,17.060404
51.13969,17.032614
51.101456,17.109875
51.115818,17.060825
51.141033,17.032173
51.101467,17.109892
51.119274,17.057747
51.144394,17.031162
51.10149,17.109892
51.12017,17.056055
51.147507,17.030205
51.101425,17.109865
51.122963,17.050709
51.149517,17.029589
51.101173,17.109062
51.1247,17.045736
51.1503,17.02859
51.101177,17.108988
51.124687,17.045746
51.150066,17.02641
51.10117,17.108948
51.124374,17.045042
51.15005,17.027752
51.101883,17.103998
51.12412,17.044884
51.150066,17.027716
51.10261,17.099718
51.124046,17.043724
51.150143,17.027668
51.103466,17.093643
51.123425,17.036428
51.150093,17.027739
51.10412,17.088295
51.123806,17.035799
51.15011,17.027704
51.104446,17.084637
51.12435,17.034336
51.15007,17.027714
51.10558,17.077711
51.12482,17.035238
51.150074,17.027704
51.10708,17.073486
51.124832,17.035269
51.150215,17.028946
51.107788,17.071474
51.1276,17.036407
51.14927,17.029633
51.109905,17.064577
51.129868,17.03699
51.11062,17.062366
51.13344,17.036097
51.11149,17.061466
51.133408,17.036083
51.111572,17.061342
51.135536,17.036411
51.111572,17.061342
51.138348,17.033987
51.1158,17.060799
51.141056,17.032158
51.10106,17.109623
51.119392,17.057474
51.144344,17.031155
51.101433,17.109764
51.1211,17.054384
51.146034,17.030634
51.101437,17.109804
51.122005,17.052729
51.14958,17.029572
51.10145,17.10962
51.124744,17.045397
51.101147,17.10895
51.124107,17.044916
51.10117,17.108963
51.12398,17.044044
51.10169,17.10518
51.12351,17.040249
51.102245,17.10188
51.12333,17.037037
51.103157,17.096197
51.124325,17.03526
51.103832,17.09073
51.124268,17.034533
51.10444,17.084656
51.124775,17.034782
51.10444,17.084663
51.124874,17.035223
51.10574,17.077291
51.124863,17.03523
51.107067,17.07349
51.128185,17.036612
51.107887,17.071167
51.12954,17.036936
51.10925,17.06643
51.132034,17.0369
51.110374,17.06304
51.133453,17.03609
51.11129,17.061329
51.13555,17.036442
51.111263,17.061329
51.138393,17.033978
51.1134,17.060438
51.14048,17.032352
51.11552,17.060833
51.141308,17.032072
51.115784,17.060894
51.145947,17.030676
51.119915,17.056524
51.1479,17.030087
51.122017,17.052704
51.150352,17.027811
51.12374,17.048216
51.150352,17.027811
51.124752,17.045513
51.150066,17.027721
51.124115,17.044865
51.15008,17.027727
51.10146,17.10657
51.1239,17.042305
51.150074,17.027723
51.10291,17.09791
51.123425,17.036306
51.150074,17.027729
51.123764,17.035866
51.15008,17.027742
51.103992,17.087852
51.124355,17.034405
51.150093,17.027708
51.10418,17.084019
51.125355,17.036068
51.10118,17.108751
51.15006,17.02773
51.10536,17.079317
51.128155,17.036613
51.10113,17.109594
51.15024,17.028893
51.105854,17.077328
51.131714,17.03708
51.10116,17.109577
51.10715,17.073544
51.133377,17.036142
51.101116,17.109568
51.108147,17.071444
51.13344,17.036123
51.101433,17.1097
51.10982,17.064447
51.134346,17.036125
51.10146,17.109726
51.110188,17.062817
51.135513,17.036434
51.101467,17.109718
51.11286,17.06045
51.139072,17.032913
51.10137,17.109648
51.114395,17.060608
51.14107,17.032146
51.101414,17.109676
51.11595,17.060745
51.14434,17.03116
51.10148,17.109753
51.117554,17.06118
51.14746,17.030212
51.101395,17.109688
51.121975,17.052738
51.147446,17.030209
51.101513,17.10974
51.12318,17.049547
51.10142,17.109488
51.124096,17.044847
51.15004,17.027693
51.10118,17.109032
51.12406,17.044823
51.101196,17.109062
51.12346,17.040176
51.10191,17.103926
51.123436,17.036432
51.102562,17.100363
51.12338,17.036171
51.103127,17.096134
51.124374,17.03433
51.10384,17.090706
51.12492,17.035704
51.104347,17.08682
51.128166,17.036592
51.104435,17.084698
51.12942,17.03701
51.10507,17.079182
51.131836,17.03694
51.1056,17.077528
51.133614,17.03601
51.107178,17.07308
51.13555,17.03644
51.10122,17.108728
51.10861,17.06835
51.137756,17.035141
51.101112,17.109394
51.10988,17.064234
51.13965,17.032618
51.10142,17.109764
51.10988,17.064234
51.139668,17.032598
51.101425,17.10978
51.111286,17.061186
51.143074,17.031563
51.101425,17.109783
51.113087,17.060287
51.147484,17.030201
51.10145,17.10977
51.11493,17.060497
51.150177,17.029343
51.101185,17.109007
51.117332,17.061016
51.10121,17.109009
51.119114,17.057945
51.10121,17.10899
51.121967,17.052746
51.101215,17.109055
51.122074,17.05235
51.101185,17.10902
51.124653,17.045174
51.10219,17.102304
51.12412,17.044868
51.102673,17.099552
51.12409,17.043957
51.103764,17.0914
51.123554,17.040186
51.104206,17.08774
51.123413,17.036234
51.104465,17.084677
51.123894,17.035753
51.105694,17.07744
51.124355,17.034325
51.107086,17.073444
51.12486,17.035192
51.108913,17.06748
51.126976,17.036163
51.11028,17.06339
51.128254,17.036469
51.111298,17.0613
51.13176,17.037008
51.11127,17.061317
51.133392,17.0361
51.11344,17.060455
51.1334,17.036089
51.101067,17.109596
51.114647,17.060574
51.13555,17.036366
51.101097,17.109566
51.11556,17.06075
51.139664,17.03262
51.101208,17.10992
51.11938,17.057472
51.13964,17.03263
51.10144,17.109825
51.11993,17.056562
51.14114,17.032093
51.10113,17.108995
51.12197,17.052706
51.144608,17.031076
51.10113,17.108973
51.12466,17.045216
51.147472,17.03018
51.10112,17.10899
51.12414,17.044865
51.15026,17.02852
51.10113,17.108921
51.12414,17.044872
51.10113,17.108921
51.123493,17.040174
51.101387,17.107168
51.12324,17.037682
51.102257,17.101948
51.123383,17.036148
51.103188,17.096132
51.124325,17.034826
51.10391,17.09025
51.124825,17.035229
51.10445,17.084599
51.126614,17.036167
51.104446,17.084604
51.12848,17.03667
51.106335,17.07551
51.133427,17.036072
51.107193,17.073126
51.1334,17.036093
51.108967,17.067272
51.135532,17.036448
51.10935,17.066093
51.137295,17.035786
51.11041,17.062876
51.13998,17.03252
51.111286,17.061266
51.141922,17.031921
51.111263,17.061314
51.14578,17.030712
51.101116,17.109774
51.112667,17.06055
51.150158,17.029337
51.101414,17.109825
51.11336,17.060408
51.150307,17.028406
51.101376,17.10955
51.11688,17.061457
51.14991,17.027267
51.101227,17.10877
51.11988,17.05641
51.150055,17.02772
51.101227,17.10877
51.120087,17.056017
51.15004,17.027727
51.101147,17.108898
51.12214,17.052355
51.150047,17.027727
51.10124,17.108786
51.124653,17.045837
51.15005,17.027721
51.10153,17.106441
51.1241,17.044863
51.150047,17.027718
51.102196,17.102064
51.123993,17.044024
51.150032,17.027744
51.103264,17.095867
51.123474,17.040255
51.150047,17.027744
51.103966,17.090294
51.12344,17.0363
51.15004,17.027754
51.1043,17.088154
51.123734,17.03584
51.150047,17.027723
51.10467,17.082035
51.12438,17.034395
51.150238,17.02888
51.10629,17.075611
51.124825,17.03525
51.10723,17.073078
51.12686,17.036196
51.10838,17.06933
51.12966,17.036972
51.1011,17.109882
51.109455,17.065722
51.133102,17.036318
51.101353,17.109835
51.110626,17.062243
51.133427,17.036144
51.101337,17.109722
51.111305,17.061234
51.135532,17.036467
51.10142,17.109804
51.11125,17.06153
51.13817,17.034348
51.101448,17.109653
51.11313,17.06045
51.139896,17.032484
51.101448,17.10981
51.11509,17.060522
51.144375,17.031157
51.101425,17.10977
51.115612,17.060553
51.147263,17.030268
51.101425,17.10977
51.1199,17.0565
51.14954,17.02958
51.101185,17.108984
51.122025,17.052692
51.150345,17.027718
51.10118,17.10895
51.12382,17.048302
51.15008,17.027718
51.1012,17.109007
51.124588,17.045912
51.1501,17.027727
51.10177,17.104319
51.124187,17.044949
51.150066,17.027727
51.10292,17.09756
51.123905,17.04521
51.150066,17.027746
51.103466,17.093294
51.123436,17.040272
51.150093,17.027752
51.10388,17.090687
51.12301,17.037582
51.150085,17.027737
51.104366,17.084187
51.124046,17.035494
51.15004,17.02777
51.1056,17.07767
51.124325,17.03485
51.15008,17.027723
51.107063,17.073456
51.125004,17.035162
51.150093,17.027763
51.10783,17.071327
51.127163,17.036411
51.150066,17.02771
51.109867,17.064579
51.129513,17.036974
51.150215,17.028948
51.110367,17.063087
51.131725,17.037003
51.1012,17.108784
51.111343,17.06133
51.133324,17.036034
51.1012,17.10878
51.111595,17.06119
51.134537,17.03625
51.10132,17.109276
51.114426,17.060486
51.13571,17.036396
51.10129,17.109238
51.115715,17.0608
51.13957,17.03256
51.10129,17.109238
51.119125,17.0578
51.139557,17.032383
51.101276,17.109253
51.119915,17.056498
51.14104,17.032019
51.101185,17.109053
51.122005,17.052828
51.14435,17.031128
51.1012,17.109005
51.123734,17.048101
51.147846,17.030005
51.101143,17.109018
51.124027,17.042927
51.150227,17.02859
51.101162,17.108973
51.1234,17.039852
51.149956,17.027647
51.10117,17.109022
51.123478,17.036121
51.150074,17.027592
51.101868,17.104227
51.124332,17.03468
51.150085,17.027508
51.10308,17.096836
51.124805,17.035233
51.150047,17.027548
51.103546,17.093212
51.12522,17.036167
51.15007,17.027695
51.10389,17.090261
51.128056,17.03657
51.150112,17.027634
51.104588,17.081757
51.128574,17.036673
51.150047,17.027693
51.105556,17.077688
51.13327,17.036152
51.149952,17.027697
51.107212,17.073063
51.133633,17.03596
51.150276,17.028887
51.10848,17.068762
51.137493,17.035563
51.14921,17.029675
51.109913,17.064426
51.139668,17.032602
51.11126,17.06137
51.140945,17.032127
51.111294,17.06139
51.144318,17.031101
51.101116,17.10957
51.113346,17.060472
51.14801,17.030016
51.10108,17.1096
51.114655,17.060467
51.150288,17.028517
51.10144,17.109812
51.1157,17.060846
51.150055,17.026464
51.10144,17.109812
51.119305,17.057621
51.15016,17.027603
51.1014,17.10982
51.119907,17.056509
51.150173,17.027655
51.101414,17.109848
51.121975,17.052704
51.15024,17.027634
51.10143,17.109829
51.1246,17.045998
51.15027,17.027637
51.10143,17.109829
51.124695,17.045753
51.150272,17.027641
51.101147,17.108969
51.124348,17.045012
51.150215,17.02766
51.10218,17.102339
51.12408,17.043331
51.150146,17.02765
51.10269,17.099545
51.123146,17.037922
51.150146,17.027637
51.10355,17.093584
51.123253,17.035997
51.150112,17.02767
51.10391,17.09031
51.124386,17.03437
51.150127,17.027672
51.104454,17.084635
51.124893,17.035227
51.150146,17.02767
51.104847,17.079952
51.12698,17.0363
51.150135,17.027622
51.10708,17.073412
51.130188,17.03712
51.1493,17.02963
51.107765,17.071411
51.13306,17.036322
51.10988,17.064493
51.135555,17.036407
51.101135,17.10866
51.11058,17.062319
51.138474,17.033745
51.10114,17.108679
51.111294,17.061316
51.14126,17.032082
51.101067,17.109497
51.113365,17.060432
51.14572,17.030739
51.101315,17.109331
51.11345,17.060476
51.14776,17.03013
51.101345,17.109356
51.115894,17.06087
51.150288,17.02849
51.101326,17.109346
51.11942,17.057343
51.14986,17.026781
51.101185,17.108946
51.120075,17.056154
51.150093,17.027662
51.10118,17.108921
51.12285,17.050608
51.15012,17.027645
51.1012,17.108925
51.124115,17.044847
51.150127,17.027676
51.101192,17.108946
51.124035,17.042976
51.150112,17.027735
51.10118,17.108938
51.12377,17.04163
51.150135,17.02767
51.101177,17.108932
51.123436,17.036364
51.150124,17.027658
51.1017,17.104858
51.12422,17.034782
51.150124,17.027658
51.10258,17.099842
51.124805,17.035065
51.15013,17.027689
51.1032,17.095734
51.125122,17.03585
51.15012,17.02768
51.10382,17.090763
51.128204,17.03657
51.150135,17.02765
51.10438,17.084368
51.12821,17.036564
51.101185,17.108652
51.150166,17.027613
51.105534,17.07776
51.13241,17.036695
51.101154,17.108753
51.150246,17.028915
51.10705,17.073484
51.13342,17.036104
51.1011,17.10952
51.107796,17.071314
51.13478,17.036343
51.101128,17.10987
51.10861,17.06834
51.13576,17.036404
51.101387,17.109991
51.109905,17.064594
51.139656,17.03258
51.10146,17.109991
51.11133,17.06133
51.139664,17.03259
51.10145,17.110003
51.11131,17.061298
51.14202,17.031862
51.10153,17.109928
51.111393,17.061255
51.145374,17.030838
51.101486,17.109655
51.11516,17.060646
51.14749,17.030203
51.101475,17.109686
51.11584,17.060818
51.101185,17.109037
51.119892,17.056536
51.15011,17.027653
51.101166,17.109034
51.121975,17.052784
51.150093,17.02769
51.101162,17.109
51.124596,17.046095
51.150127,17.027693
51.101147,17.108988
51.12414,17.044836
51.15011,17.027704
51.101147,17.108944
51.124012,17.042925
51.150105,17.027649
51.101494,17.106846
51.12347,17.040232
51.150127,17.027645
51.102604,17.099823
51.123363,17.036297
51.15012,17.027674
51.10354,17.0933
51.124287,17.034832
51.15008,17.027695
51.104195,17.087801
51.124798,17.035141
51.150135,17.027687
51.10457,17.081875
51.12665,17.036163
51.150116,17.027693
51.1056,17.07764
51.12816,17.036472
51.14964,17.029497
51.107113,17.073528
51.131786,17.037027
51.108128,17.070219
51.134365,17.036114
51.110474,17.062826
51.135468,17.036394
51.111374,17.061317
51.13946,17.032722
51.11141,17.061325
51.13972,17.032595
51.101448,17.106861
51.112873,17.060556
51.14434,17.031137
51.101055,17.109396
51.11355,17.060316
51.147453,17.030216
51.11355,17.060316
51.150276,17.028513
51.101093,17.109945
51.11944,17.05734
51.150333,17.027668
51.101154,17.109043
51.119907,17.056482
51.15009,17.027584
51.101112,17.108929
51.122917,17.05035
51.15008,17.02758
51.10113,17.108932
51.12448,17.046314
51.150116,17.027588
51.101074,17.108892
51.12399,17.043974
51.150085,17.027569
51.101135,17.108957
51.123478,17.039822
51.15011,17.027596
51.101547,17.104792
51.123432,17.036303
51.15011,17.027615
51.102173,17.102283
51.124268,17.034811
51.150112,17.027607
51.103195,17.095793
51.124813,17.035183
51.150105,17.027618
51.12494,17.03575
51.15011,17.027618
51.128166,17.03664
51.15011,17.027666
51.104935,17.078983
51.13174,17.03707
51.150135,17.027641
51.104717,17.076084
51.133427,17.036064
51.150208,17.029074
51.107086,17.073435
51.13344,17.036074
51.10852,17.068766
51.135567,17.036434
51.109848,17.064379
51.13858,17.033558
51.101097,17.10954
51.111267,17.061386
51.141888,17.031889
51.10106,17.109535
51.113297,17.060387
51.14532,17.030857
51.10108,17.109535
51.11466,17.060524
51.150253,17.028957
51.101387,17.109808
51.11553,17.060719
51.150352,17.027754
51.101395,17.109829
51.11839,17.059195
51.15012,17.027618
51.101395,17.109829
51.121914,17.052736
51.15014,17.027637
51.101395,17.109827
51.122135,17.052414
51.15011,17.027683
51.10137,17.109781
51.124027,17.045012
51.15012,17.027634
51.101192,17.109026
51.124146,17.044779
51.15012,17.027653
51.1012,17.109
51.150127,17.027626
51.10141,17.107138
51.123245,17.03783
51.150127,17.027624
51.102226,17.101871
51.123714,17.03589
51.150124,17.0276
51.10318,17.096252
51.150112,17.027636
51.10346,17.093891
51.15012,17.02766
51.10346,17.093891
51.15012,17.027655
51.104507,17.082771
51.15014,17.027637
51.105564,17.0777
51.128414,17.036642
51.15014,17.027657
51.106743,17.074398
51.13162,17.037123
51.10771,17.071604
51.13342,17.0361
51.101433,17.10983
51.108307,17.069475
51.133415,17.036097
51.101425,17.109825
51.10986,17.0645
51.135674,17.036049
51.101414,17.109835
51.11067,17.062098
51.10141,17.109818
51.1113,17.061308
51.101425,17.109846
51.11315,17.060478
51.101406,17.109812
51.11335,17.060434
51.149208,17.02975
51.101414,17.1098
51.117275,17.061094
51.101406,17.109795
51.119926,17.056461
51.14987,17.02705
51.1014,17.109814
51.121754,17.053173
51.15002,17.027573
51.101395,17.109818
51.12208,17.05253
51.15008,17.027678
51.101173,17.109
51.12417,17.044851
51.150112,17.027641
51.102234,17.102057
51.12414,17.044888
51.15008,17.027712
51.103172,17.096184
51.12396,17.04258
51.15008,17.027662
51.10385,17.090715
51.12351,17.04022
51.150074,17.027689
51.104446,17.084637
51.12345,17.036379
51.150085,17.027697
51.104595,17.081856
51.123688,17.03577
51.15008,17.027718
51.105762,17.077194
51.124348,17.034363
51.150085,17.027742
51.107067,17.07348
51.12483,17.035069
51.150238,17.028925
51.10928,17.066475
51.124893,17.035639
51.1099,17.06452
51.128147,17.03675
51.1011,17.109467
51.110413,17.062906
51.13222,17.036768
51.101006,17.109695
51.11131,17.06135
51.133667,17.035952
51.101116,17.109919
51.11148,17.061207
51.13554,17.036434
51.101425,17.109816
51.11495,17.060709
51.137047,17.035942
51.101448,17.10983
51.115513,17.060843
51.141094,17.032122
51.10145,17.109808
51.11841,17.059227
51.14435,17.031137
51.10138,17.109785
51.121353,17.053856
51.147255,17.03024
51.101143,17.108982
51.122894,17.050432
51.149662,17.029507
51.101112,17.108963
51.124535,17.045116
51.150272,17.02832
51.101116,17.108936
51.12414,17.044853
51.10114,17.108952
51.12406,17.04319
51.101154,17.108952
51.12343,17.036268
51.10178,17.104618
51.12343,17.036268
51.10224,17.102
51.124657,17.03435
51.1032,17.096174
51.12508,17.0358
51.10388,17.090397
51.12703,17.036304
51.10444,17.08466
51.13241,17.036682
51.104572,17.081896
51.133423,17.036104
51.107067,17.073462
51.13555,17.036444
51.107834,17.07122
51.13555,17.036444
51.10949,17.065683
51.139668,17.032633
51.110447,17.062803
51.13966,17.03264
51.111305,17.061304
51.144733,17.031042
51.112587,17.060581
51.14785,17.030104
51.101574,17.109825
51.11333,17.06043
51.15029,17.028503
51.10153,17.109632
51.11551,17.060825
51.10144,17.109652
51.118607,17.058874
51.150043,17.02777
51.10157,17.109713
51.120033,17.05624
51.150055,17.027729
51.101555,17.109806
51.122097,17.05248
51.150055,17.02773
51.101383,17.109806
51.12285,17.050621
51.15006,17.027733
51.10147,17.109869
51.123856,17.042032
51.150063,17.027735
51.101334,17.109697
51.123466,17.039907
51.15003,17.02776
51.10121,17.108648
51.12378,17.035948
51.150063,17.02774
51.102673,17.099483
51.12476,17.034485
51.150066,17.027752
51.103138,17.096191
51.12483,17.035244
51.150055,17.027737
51.10386,17.090515
51.125114,17.03581
51.150047,17.027754
51.104435,17.084587
51.128227,17.036505
51.10108,17.10958
51.15007,17.027754
51.105633,17.077402
51.129864,17.036871
51.101074,17.109575
51.150223,17.028906
51.10717,17.073088
51.132614,17.036552
51.1011,17.109573
51.108723,17.068132
51.134407,17.036106
51.101074,17.109884
51.109802,17.064407
51.13553,17.03644
51.101414,17.109753
51.11098,17.060963
51.13828,17.03413
51.101414,17.109793
51.11125,17.061255
51.139687,17.032576
51.101395,17.109816
51.111355,17.061245
51.139927,17.032467
51.101433,17.109814
51.11339,17.060467
51.141407,17.032076
51.10142,17.109802
51.115746,17.060713
51.147194,17.030306
51.101406,17.109798
51.118504,17.05914
51.150185,17.029308
51.101433,17.109816
51.121086,17.054117
51.150352,17.02782
51.101406,17.109821
51.122887,17.050722
51.15006,17.02774
51.101177,17.109056
51.124,17.047318
51.15008,17.02772
51.10122,17.109
51.1242,17.044895
51.15009,17.027733
51.10122,17.109
51.123325,17.04022
51.150063,17.027672
51.101887,17.104076
51.12332,17.037952
51.15008,17.027714
51.10301,17.097427
51.124237,17.03491
51.150085,17.027685
51.103245,17.095692
51.12481,17.035126
51.15008,17.027653
51.10388,17.090715
51.124947,17.035631
51.150085,17.02769
51.10439,17.084234
51.128017,17.036564
51.150085,17.027672
51.10574,17.077276
51.128468,17.036608
51.150085,17.027672
51.107063,17.073467
51.13088,17.037226
51.150116,17.027725
51.108585,17.068346
51.132042,17.036777
51.149574,17.029531
51.110027,17.064037
51.134396,17.035975
51.10112,17.10933
51.11125,17.06133
51.135468,17.036478
51.10098,17.109705
51.111267,17.061352
51.137886,17.034729
51.10149,17.109709
51.111515,17.061144
51.139435,17.03247
51.101475,17.10958
51.113667,17.060421
51.141945,17.03191
51.10147,17.109596
51.11586,17.060896
51.145912,17.03072
51.10146,17.109573
51.11908,17.058062
51.147472,17.030344
51.101456,17.10966
51.119892,17.056562
51.150303,17.027742
51.101185,17.109005
51.122887,17.050476
51.150166,17.027624
51.1012,17.109018
51.124653,17.045843
51.150208,17.02773
51.10118,17.109024
51.124115,17.044863
51.150124,17.027634
51.101173,17.109024
51.1241,17.044857
51.1502,17.02761
51.10114,17.109058
51.12393,17.04228
51.150105,17.02761
51.10118,17.108603
51.123154,17.037874
51.150105,17.02761
51.102207,17.102293
51.12344,17.036263
51.1502,17.02762
51.103054,17.09716
51.123966,17.035744
51.150173,17.027718
51.10388,17.090736
51.124813,17.035238
51.15004,17.027773
51.104446,17.084623
51.125378,17.035957
51.15012,17.027729
51.105614,17.077646
51.12854,17.036642
51.15022,17.027706
51.107094,17.073439
51.13178,17.03703
51.108185,17.069916
51.133408,17.036112
51.11004,17.06405
51.135315,17.036459
51.111294,17.061275
51.13608,17.036402
51.111305,17.061293
51.140003,17.032463
51.111286,17.061317
51.141563,17.032003
51.11442,17.060472
51.145393,17.030838
51.10115,17.10864
51.11563,17.060766
51.147915,17.030075
51.101067,17.10962
51.118786,17.058289
51.15029,17.028496
51.10106,17.109638
51.122017,17.052725
51.14986,17.02691
51.10136,17.109743
51.123756,17.048122
51.150127,17.027664
51.101357,17.109735
51.124672,17.045216
51.15012,17.027693
51.101166,17.108965
51.12409,17.044863
51.150173,17.027683
51.101173,17.10869
51.12412,17.043375
51.150143,17.027655
51.10217,17.102257
51.124084,17.043207
51.15013,17.027668
51.10317,17.09614
51.123512,17.040075
51.15016,17.027664
51.103867,17.090748
51.123405,17.036053
51.150124,17.027645
51.10442,17.086102
51.124348,17.034838
51.150127,17.02768
51.10453,17.082203
51.12482,17.03487
51.150135,17.027687
51.10556,17.077662
51.12558,17.035887
51.15026,17.028893
51.10706,17.073414
51.126915,17.036207
51.149685,17.029509
51.10814,17.069931
51.128254,17.036564
51.109512,17.065533
51.12973,17.036942
51.109875,17.064482
51.133453,17.036121
51.10126,17.10873
51.111286,17.061308
51.133472,17.036093
51.10111,17.109774
51.1124,17.060644
51.133453,17.0361
51.101494,17.10983
51.114815,17.060617
51.13583,17.03642
51.10145,17.109808
51.115574,17.060783
51.14104,17.032145
51.101494,17.109814
51.118546,17.058924
51.144375,17.031122
51.101173,17.108961
51.119915,17.056501
51.1475,17.03019
51.10116,17.108988
51.122208,17.052313
51.147995,17.03004
51.10116,17.109026
51.12475,17.04542
51.150146,17.026398
51.10116,17.109
51.1241,17.044834
51.149914,17.027216
51.101147,17.108988
51.123833,17.041819
51.15007,17.027739
51.10161,17.105408
51.12335,17.037943
51.150093,17.027748
51.102158,17.102322
51.124035,17.035748
51.150074,17.027754
51.103195,17.09585
51.124847,17.03518
51.15008,17.027765
51.10413,17.0881
51.12512,17.0358
51.150085,17.027748
51.104424,17.084682
51.12829,17.036552
51.1501,17.02776
51.105564,17.077745
51.129795,17.036955
51.150097,17.02776
51.10714,17.073524
51.133255,17.036194
51.150234,17.028934
51.108612,17.06833
51.133434,17.036083
51.148582,17.029804
51.110428,17.063112
51.134754,17.036364
51.111294,17.061388
51.13579,17.036388
51.1011,17.10989
51.1113,17.061337
51.139652,17.032576
51.10152,17.109798
51.111553,17.061167
51.14111,17.03211
51.101505,17.109787
51.113365,17.060347
51.144367,17.031124
51.101505,17.1098
51.115788,17.06083
51.14436,17.031134
51.10148,17.109766
51.11994,17.056519
51.149532,17.029562
51.101475,17.109768
51.121315,17.05435
51.101475,17.10979
51.12396,17.047934
51.101467,17.109781
51.124226,17.0449
51.150066,17.027742
51.101456,17.109776
51.123985,17.04414
51.150063,17.027742
51.10121,17.109058
51.123665,17.040293
51.15008,17.027758
51.10121,17.109056
51.123398,17.036488
51.15008,17.027761
51.101192,17.109028
51.124332,17.034857
51.150085,17.027756
51.101658,17.105146
51.12483,17.035147
51.150085,17.02775
51.102547,17.099901
51.125095,17.035784
51.150105,17.027754
51.10322,17.095924
51.128075,17.03658
51.150253,17.028994
51.103928,17.090256
51.129635,17.037014
51.14962,17.029531
51.10449,17.08464
51.13336,17.036167
51.10557,17.077719
51.13342,17.036089
51.106945,17.07388
51.135567,17.036417
51.10713,17.073534
51.139557,17.032654
51.109886,17.064575
51.14189,17.031862
51.111256,17.06129
51.14628,17.030548
51.101166,17.108688
51.111553,17.061092
51.147854,17.03007
51.10121,17.108694
51.1134,17.060442
51.10118,17.1087
51.11555,17.060808
51.10144,17.109808
51.119907,17.05656
51.101467,17.109844
51.120075,17.056244
51.150032,17.02788
51.101456,17.109793
51.122032,17.052738
51.150047,17.02785
51.101128,17.108921
51.1246,17.046127
51.150074,17.027802
51.10113,17.108892
51.124687,17.045872
51.150063,17.027851
51.101166,17.108866
51.12402,17.044107
51.150078,17.02782
51.101166,17.108782
51.12322,17.0379
51.150085,17.027786
51.1014,17.107023
51.123985,17.035671
51.150093,17.02777
51.102665,17.099798
51.124287,17.034864
51.15011,17.02776
51.103237,17.095753
51.125072,17.035786
51.150085,17.027782
51.10385,17.090733
51.128197,17.036592
51.150288,17.028397
51.104378,17.084202
51.131866,17.036978
51.105286,17.07855
51.133873,17.035929
51.105286,17.07855
51.13552,17.0364
51.108105,17.070278
51.138332,17.034018
51.10124,17.108702
51.108818,17.067644
51.13968,17.03258
51.101208,17.109062
51.110527,17.062428
51.141834,17.031881
51.10125,17.110027
51.110527,17.062428
51.14601,17.030626
51.101433,17.109638
51.111298,17.06133
51.150337,17.028427
51.101425,17.109634
51.11331,17.060486
51.149895,17.027042
51.101463,17.109629
51.11447,17.060698
51.150135,17.027756
51.101456,17.10965
51.115505,17.060593
51.15011,17.02776
51.10144,17.1096
51.118126,17.05958
51.150154,17.027712
51.10145,17.109602
51.12005,17.05619
51.150154,17.027756
51.101433,17.109627
51.122173,17.052338
51.150154,17.027771
51.101448,17.109606
51.12466,17.045715
51.150116,17.027756
51.10116,17.108936
51.124126,17.044817
51.15011,17.027775
51.101627,17.105806
51.124027,17.043047
51.15007,17.027763
51.102528,17.100227
51.12321,17.037874
51.15009,17.027782
51.10317,17.096182
51.124058,17.0358
51.1501,17.027782
51.10392,17.089882
51.124382,17.03431
51.150272,17.028593
51.104404,17.08625
51.104515,17.082499
51.12826,17.0361
51.101093,17.109844
51.106407,17.075449
51.12964,17.036453
51.10142,17.109837
51.10721,17.073164
51.13349,17.036068
51.101402,17.109812
51.108967,17.06711
51.135506,17.03645
51.101414,17.109808
51.110466,17.062515
51.135506,17.03645
51.10143,17.109854
51.111324,17.061321
51.13968,17.032633
51.101425,17.10983
51.11132,17.061306
51.141094,17.03222
51.101433,17.10984
51.1113,17.061296
51.144352,17.031149
51.10143,17.109846
51.11511,17.060587
51.146954,17.030355
51.10142,17.109875
51.116592,17.061169
51.10142,17.10983
51.118946,17.058275
51.101315,17.109344
51.12097,17.054638
51.15019,17.02771
51.101185,17.10898
51.122128,17.052534
51.15019,17.027687
51.101208,17.108946
51.12343,17.048815
51.150215,17.027678
51.101166,17.108814
51.124634,17.0458
51.15016,17.027674
51.10206,17.102985
51.124107,17.044888
51.15014,17.02764
51.10285,17.09818
51.124107,17.044874
51.150192,17.027687
51.103214,17.095808
51.1238,17.041903
51.15014,17.0277
51.103947,17.089912
51.123295,17.037857
51.15016,17.02771
51.104507,17.082346
51.123795,17.03623
51.149673,17.029472
51.101185,17.108759
51.10556,17.077736
51.12431,17.034388
51.10108,17.109554
51.107067,17.0735
51.124844,17.03523
51.101166,17.109524
51.107243,17.072947
51.124954,17.035738
51.10112,17.10958
51.10885,17.067629
51.126945,17.036276
51.10111,17.109823
51.11037,17.062996
51.128525,17.036678
51.101406,17.10991
51.111267,17.06135
51.131702,17.037035
51.101368,17.109932
51.11127,17.061329
51.1334,17.036112
51.10139,17.10994
51.111305,17.061338
51.13555,17.036388
51.101433,17.109798
51.115543,17.060802
51.13822,17.03424
51.101437,17.109802
51.11668,17.061338
51.139668,17.03254
51.10142,17.1098
51.1199,17.056536
51.141113,17.032097
51.101135,17.109024
51.12198,17.052742
51.144203,17.031162
51.101128,17.109022
51.124554,17.046076
51.14746,17.030148
51.101185,17.109035
51.124733,17.045624
51.147976,17.029995
51.101185,17.108938
51.12417,17.044905
51.10113,17.10902
51.124092,17.04347
51.101414,17.107038
51.124035,17.043085
51.101078,17.10966
51.10256,17.100065
51.123493,17.040216
51.10106,17.109688
51.103226,17.095882
51.123226,17.037703
51.10128,17.110096
51.10389,17.090363
51.12434,17.034805
51.101467,17.109829
51.10446,17.084612
51.124275,17.034594
51.101486,17.109755
51.10531,17.078539
51.126907,17.036175
51.101463,17.109789
51.105667,17.077494
51.130196,17.037037
51.10148,17.109785
51.108173,17.069931
51.133446,17.036104
51.101494,17.109808
51.109886,17.064568
51.134758,17.036388
51.10148,17.109734
51.11128,17.061365
51.13856,17.03361
51.101494,17.109735
51.11128,17.061365
51.13966,17.032629
51.101475,17.109726
51.111294,17.061195
51.139637,17.032644
51.1015,17.10979
51.112423,17.060581
51.14348,17.031502
51.101494,17.10983
51.11545,17.060572
51.147495,17.030195
51.10151,17.109802
51.117523,17.060816
51.150288,17.028492
51.101505,17.10983
51.119884,17.056528
51.1504,17.026712
51.1015,17.109768
51.12196,17.052774
51.1015,17.109781
51.123734,17.04821
51.101475,17.109764
51.124115,17.044947
51.101112,17.108774
51.12378,17.041739
51.10137,17.107199
51.12324,17.037582
51.102955,17.097666
51.12428,17.034807
51.10324,17.095684
51.12483,17.035212
51.10444,17.086126
51.12482,17.035261
51.10459,17.082071
51.127052,17.03621
51.105785,17.07722
51.129726,17.036852
51.101192,17.110086
51.10718,17.073156
51.131958,17.036901
51.10145,17.109804
51.108994,17.067242
51.133427,17.036076
51.101475,17.109755
51.110035,17.064074
51.135574,17.036423
51.101505,17.10975
51.11128,17.061289
51.1378,17.035046
51.101513,17.10976
51.113335,17.06042
51.13965,17.03259
51.101494,17.1098
51.113995,17.06041
51.14159,17.032022
51.101475,17.109781
51.115845,17.060812
51.144833,17.031023
51.101486,17.109774
51.11908,17.058096
51.14749,17.030212
51.10151,17.109737
51.120228,17.056007
51.1503,17.02849
51.101505,17.109781
51.12224,17.052338
51.150406,17.0271
51.101505,17.109781
51.124702,17.04577
51.101185,17.10905
51.12467,17.045732
51.1012,17.109068
51.1241,17.044874
51.101177,17.109056
51.12382,17.042015
51.10187,17.104572
51.12335,17.040176
51.10301,17.097513
51.123325,17.03971
51.103592,17.093517
51.12373,17.035965
51.10449,17.085869
51.124645,17.035728
51.10462,17.081734
51.126125,17.03603
51.10558,17.077723
51.12964,17.036917
51.10706,17.073477
51.131775,17.037136
51.10934,17.066236
51.133457,17.03609
51.11068,17.062199
51.13486,17.036436
51.11132,17.061338
51.137123,17.035892
51.111473,17.061205
51.139347,17.03274
51.113644,17.060389
51.14188,17.0319
51.11588,17.060812
51.14567,17.030758
51.118828,17.058535
51.149456,17.029606
51.119938,17.056498
51.150368,17.027903
51.120163,17.05602
51.150433,17.026958
51.12198,17.05274
51.150055,17.027454
51.122963,17.050257
51.15013,17.027664
51.124634,17.045187
51.15012,17.027668
51.124073,17.04307
51.150154,17.02766
51.12368,17.041136
51.150135,17.027664
51.123524,17.040358
51.15011,17.02765
51.12372,17.035883
51.15014,17.027643
51.12427,17.034866
51.150146,17.027678
51.12482,17.035227
51.150127,17.027664
51.124813,17.03522
51.12797,17.036497
51.12982,17.03698
51.133427,17.036121
51.1348,17.03642
51.13553,17.036438
51.13965,17.032627
51.139637,17.032614
51.143032,17.031565
51.14682,17.03041
51.150288,17.028765
51.150288,17.028765
51.12458,17.040411
51.12435,17.040503
51.124126,17.040768
51.123833,17.040846
51.12396,17.040754
51.124065,17.04069
51.12406,17.040705
51.124012,17.040699
51.12346,17.040115
51.124157,17.035582
51.124207,17.034815
51.12488,17.03559
51.127434,17.036348
51.13172,17.037045
51.133636,17.035986
51.135513,17.036398
51.13785,17.034916
51.139336,17.032738
51.14305,17.031544
51.12416,17.041388
51.145348,17.030834
51.101067,17.109571
51.124153,17.04134
51.147446,17.030172
51.10111,17.109552
51.124172,17.041355
51.10129,17.10929
51.124153,17.041353
51.101147,17.108896
51.12417,17.041307
51.10116,17.10891
51.124107,17.041311
51.10112,17.108913
51.124165,17.04131
51.101128,17.108946
51.12416,17.041315
51.1017,17.10513
51.124195,17.041311
51.102245,17.101881
51.123455,17.0402
51.150288,17.028877
51.10316,17.09624
51.12369,17.035807
51.10382,17.090666
51.124634,17.03431
51.10432,17.087082
51.101063,17.109442
51.12623,17.036047
51.104515,17.082062
51.101055,17.109486
51.12814,17.03661
51.105545,17.07775
51.10132,17.110058
51.131622,17.037107
51.10724,17.072977
51.101353,17.110054
51.13349,17.036022
51.109833,17.064636
51.10141,17.11004
51.135517,17.036354
51.110775,17.0618
51.101368,17.110046
51.139706,17.032562
51.11128,17.06133
51.1014,17.11003
51.139713,17.032585
51.111595,17.061073
51.101604,17.109938
51.14442,17.031143
51.11366,17.06035
51.101482,17.109598
51.147873,17.030088
51.11572,17.060848
51.101482,17.109598
51.11872,17.058584
51.101467,17.109608
51.120987,17.054464
51.101196,17.109007
51.12204,17.052473
51.10113,17.108969
51.12461,17.045841
51.101154,17.109022
51.124126,17.04486
51.101143,17.109005
51.123875,17.042156
51.10212,17.103544
51.12327,17.037706
51.10228,17.10197
51.12425,17.034784
51.103474,17.093466
51.124348,17.034378
51.104195,17.08767
51.124912,17.035673
51.104458,17.084616
51.128147,17.036556
51.105816,17.077143
51.131706,17.037046
51.10655,17.075054
51.13342,17.036108
51.108513,17.068684
51.134197,17.036005
51.1104,17.063074
51.135517,17.0364
51.11141,17.061432
51.138027,17.034567
51.111355,17.06137
51.14106,17.032124
51.115147,17.06071
51.144325,17.031136
51.11748,17.060732
51.147858,17.030079
51.119846,17.056404
51.147858,17.030079
51.121983,17.052742
51.150387,17.027216
51.12393,17.047342
51.124786,17.045462
51.124107,17.043951
51.12352,17.040264
51.124046,17.035608
51.124443,17.03432
51.124798,17.035248
51.12694,17.036186
51.12842,17.03669
51.13346,17.036087
51.10106,17.109663
51.13345,17.036093
51.101067,17.109676
51.13556,17.036436
51.101032,17.109652
51.13957,17.032652
51.101013,17.109638
51.13967,17.03261
51.101074,17.109514
51.144394,17.03114
51.10137,17.11
51.147987,17.0301
51.101456,17.109774
51.150387,17.027784
51.1015,17.109756
51.14987,17.026968
51.101494,17.109713
51.150093,17.027725
51.101574,17.109804
51.1501,17.027742
51.101578,17.109781
51.150066,17.027727
51.101498,17.109798
51.150074,17.027706
51.10146,17.109768
51.150093,17.027714
51.101192,17.108936
51.150074,17.027702
51.1012,17.108973
51.150078,17.027763
51.101185,17.109013
51.15008,17.02774
51.1018,17.104574
51.101467,17.109772
51.15006,17.027752
51.102634,17.099934
51.101437,17.10975
51.15023,17.028997
51.103214,17.095852
51.101418,17.109764
51.149227,17.029558
51.104202,17.0879
51.101437,17.109755
51.104366,17.084345
51.101467,17.109753
51.10556,17.077726
51.101467,17.109776
51.107075,17.073471
51.101467,17.109776
51.108814,17.067799
51.10147,17.109781
51.109997,17.064264
51.10145,17.109781
51.11125,17.061354
51.101467,17.109787
51.113285,17.06049
51.101475,17.109804
51.115086,17.060637
51.10144,17.109772
51.116806,17.061277
51.101448,17.109753
51.1201,17.056103
51.101448,17.109766
51.12208,17.052437
51.101425,17.109755
51.12416,17.0472
51.10144,17.109743
51.124672,17.045813
51.101147,17.10899
51.124367,17.04501
51.101166,17.108973
51.12404,17.044876
51.10116,17.10899
51.124012,17.042782
51.10119,17.108574
51.123386,17.039804
51.102272,17.101788
51.124233,17.035593
51.102966,17.097635
51.12482,17.035175
51.103516,17.093382
51.12513,17.035818
51.10388,17.09035
51.1285,17.036673
51.104454,17.08465
51.130672,17.03722
51.10514,17.079002
51.101044,17.109741
51.133446,17.036106
51.106186,17.07596
51.101006,17.109747
51.13366,17.035988
51.107212,17.073038
51.101055,17.1097
51.13553,17.036417
51.10936,17.066132
51.101044,17.109726
51.13932,17.03276
51.109985,17.064238
51.1011,17.109781
51.14133,17.032059
51.111305,17.061352
51.10144,17.109734
51.14474,17.031033
51.11129,17.06133
51.101433,17.109726
51.11341,17.06044
51.101494,17.10979
51.150288,17.028557
51.11446,17.060629
51.10149,17.109785
51.15012,17.02763
51.1158,17.060751
51.1015,17.10983
51.150135,17.027678
51.11989,17.056524
51.101475,17.109781
51.150127,17.027687
51.121994,17.052708
51.10149,17.109776
51.150135,17.027727
51.124233,17.047058
51.101208,17.109081
51.15014,17.027693
51.12414,17.044895
51.101257,17.109024
51.15016,17.027687
51.124092,17.04315
51.1015,17.107525
51.15014,17.027699
51.12344,17.03985
51.10266,17.100492
51.15016,17.02771
51.12416,17.03577
51.10322,17.095682
51.150166,17.027666
51.124348,17.034409
51.103947,17.09001
51.150276,17.028633
51.124813,17.035168
51.10446,17.084656
51.12644,17.03609
51.10532,17.07861
51.128155,17.036585
51.107147,17.073563
51.132305,17.036745
51.108727,17.068022
51.133488,17.036077
51.110428,17.063004
51.135525,17.03641
51.101475,17.10972
51.111275,17.061235
51.13798,17.034687
51.10145,17.109722
51.11344,17.060425
51.13876,17.033226
51.10145,17.109766
51.115585,17.060816
51.142887,17.031572
51.10144,17.109818
51.115585,17.060816
51.145588,17.030748
51.10144,17.109747
51.120193,17.05617
51.147453,17.030159
51.101433,17.109777
51.121284,17.054707
51.10144,17.109795
51.1243,17.047247
51.149994,17.027306
51.101173,17.10897
51.124084,17.044792
51.15012,17.027653
51.101173,17.109018
51.124107,17.043196
51.150135,17.027636
51.10116,17.10895
51.1234,17.039856
51.150127,17.02764
51.10116,17.108967
51.12401,17.035873
51.15008,17.02765
51.101948,17.103403
51.12468,17.034363
51.150085,17.027649
51.102207,17.101936
51.12479,17.03531
51.15011,17.02762
51.103447,17.093433
51.12792,17.036562
51.150112,17.027618
51.10412,17.088015
51.130733,17.037256
51.150238,17.028852
51.10441,17.084583
51.133453,17.036095
51.105522,17.077774
51.133453,17.036108
51.106308,17.075626
51.13479,17.036432
51.108776,17.06782
51.136135,17.036394
51.10108,17.109371
51.1098,17.064714
51.13776,17.035152
51.101364,17.109634
51.11124,17.06137
51.144363,17.031153
51.101395,17.1096
51.11331,17.06046
51.147488,17.030228
51.101406,17.10957
51.115536,17.06083
51.101257,17.109217
51.11689,17.061417
51.150425,17.02719
51.1014,17.109518
51.119873,17.056595
51.14992,17.02716
51.1015,17.109762
51.121964,17.052782
51.150135,17.027752
51.101494,17.10976
51.12411,17.047642
51.150105,17.027744
51.10145,17.10976
51.124634,17.045847
51.150112,17.027723
51.10101,17.10891
51.124065,17.044956
51.150135,17.027721
51.10116,17.108986
51.12406,17.044931
51.150135,17.027723
51.101185,17.108948
51.12402,17.044033
51.150135,17.02771
51.101147,17.108984
51.123455,17.04025
51.150135,17.027815
51.101788,17.104816
51.12426,17.034853
51.150135,17.02777
51.102592,17.099974
51.124855,17.035252
51.150135,17.027796
51.10324,17.09619
51.124855,17.035252
51.150146,17.027792
51.10388,17.09048
51.1282,17.03662
51.150146,17.027748
51.10444,17.0846
51.12848,17.036655
51.150135,17.02776
51.10526,17.078598
51.13173,17.037107
51.1502,17.02896
51.10705,17.073442
51.133595,17.035988
51.10808,17.070543
51.101128,17.109106
51.13552,17.036465
51.10981,17.064524
51.101467,17.109764
51.137775,17.035072
51.11027,17.063076
51.10152,17.10975
51.13925,17.0328
51.11135,17.061327
51.101433,17.109728
51.144665,17.031075
51.111603,17.061176
51.101387,17.109673
51.146942,17.030378
51.114105,17.060314
51.101406,17.109678
51.15027,17.02851
51.11561,17.060324
51.101448,17.109713
51.15,17.027323
51.11598,17.06071
51.10146,17.109737
51.119534,17.057304
51.10148,17.109728
51.121128,17.054352
51.101433,17.109688
51.122,17.052734
51.101154,17.108923
51.123245,17.04948
51.10116,17.108908
51.124645,17.045816
51.101192,17.108906
51.124073,17.044863
51.10217,17.102283
51.123875,17.044428
51.10304,17.09692
51.1236,17.040298
51.1035,17.09317
51.123734,17.03587
51.104294,17.08702
51.124306,17.03443
51.105007,17.079426
51.124847,17.035248
51.105587,17.07766
51.15024,17.028948
51.12486,17.035246
51.108162,17.069983
51.125107,17.03583
51.109493,17.065218
51.12811,17.036564
51.110233,17.06289
51.129814,17.037045
51.111305,17.061274
51.13306,17.03633
51.112595,17.060593
51.133793,17.035965
51.115635,17.060617
51.135574,17.03647
51.118153,17.059656
51.13778,17.035046
51.120045,17.056108
51.139675,17.03259
51.121967,17.052654
51.141064,17.032171
51.12278,17.051065
51.14443,17.031183
51.1238,17.048183
51.14786,17.030138
51.1241,17.04486
51.123745,17.04214
51.149895,17.026623
51.123573,17.040272
51.1501,17.027832
51.123375,17.03687
51.150085,17.027813
51.124733,17.034597
51.103176,17.096203
51.15011,17.027817
51.124817,17.035225
51.103592,17.092688
51.150085,17.027784
51.124817,17.035212
51.10409,17.088646
51.1501,17.027784
51.12813,17.03653
51.104454,17.08468
51.15025,17.028034
51.129875,17.037024
51.105125,17.079323
51.150246,17.028984
51.13198,17.036884
51.106174,17.07594
51.133427,17.036089
51.107227,17.073002
51.13344,17.036104
51.108795,17.067797
51.135803,17.03638
51.109882,17.064493
51.13946,17.0327
51.111286,17.061337
51.139805,17.032557
51.11152,17.061201
51.142944,17.03155
51.10116,17.108692
51.11556,17.06079
51.144657,17.031046
51.101055,17.109577
51.11754,17.060915
51.14978,17.029476
51.101074,17.109539
51.12154,17.053577
51.149986,17.026514
51.10142,17.10977
51.122925,17.050386
51.15003,17.02773
51.101147,17.108952
51.1241,17.044872
51.150066,17.027721
51.10118,17.109003
51.124092,17.044863
51.150055,17.027742
51.101173,17.108986
51.12386,17.0421
51.15006,17.02774
51.101166,17.109001
51.123203,17.037832
51.150055,17.027761
51.101673,17.105026
51.124275,17.03494
51.150043,17.027718
51.102146,17.10229
51.124317,17.034395
51.15006,17.02775
51.10285,17.098238
51.124817,17.03515
51.15008,17.027727
51.103844,17.090721
51.128185,17.036568
51.15009,17.027737
51.104492,17.085339
51.1285,17.03666
51.150154,17.02799
51.104546,17.0821
51.13176,17.03703
51.150227,17.028948
51.1056,17.077452
51.13409,17.035942
51.107155,17.073195
51.135532,17.036417
51.10877,17.06785
51.13814,17.034454
51.11001,17.064165
51.139668,17.032604
51.10108,17.109394
51.1113,17.061312
51.139668,17.032604
51.1011,17.109797
51.111305,17.061346
51.1431,17.031542
51.10146,17.109716
51.112534,17.060593
51.145626,17.030777
51.10148,17.109718
51.11557,17.060766
51.14942,17.029608
51.101494,17.10975
51.11554,17.060778
51.101494,17.109743
51.11888,17.058317
51.101456,17.10976
51.120033,17.056293
51.10121,17.10905
51.122005,17.052763
51.15011,17.027637
51.10114,17.108929
51.123737,17.048124
51.1501,17.027624
51.101128,17.108913
51.124615,17.045876
51.15011,17.02764
51.10219,17.102243
51.124626,17.04587
51.15011,17.027662
51.102978,17.097437
51.124107,17.044851
51.150085,17.027603
51.103775,17.091148
51.12413,17.044872
51.150085,17.027636
51.104454,17.084661
51.12409,17.043276
51.1501,17.027645
51.10486,17.080036
51.12319,17.037926
51.15011,17.027618
51.10639,17.075336
51.124268,17.034822
51.150085,17.027626
51.108143,17.070147
51.1248,17.035038
51.15008,17.027632
51.109528,17.065582
51.12686,17.036236
51.149555,17.02954
51.11058,17.062359
51.12812,17.036589
51.11128,17.06129
51.129555,17.036932
51.113426,17.060457
51.133415,17.036066
51.11416,17.06038
51.133434,17.036055
51.11838,17.059042
51.134796,17.036428
51.1199,17.056482
51.135708,17.036407
51.121788,17.053036
51.139614,17.032625
51.123722,17.048117
51.141323,17.032066
51.124645,17.045795
51.144306,17.031168
51.12472,17.04528
51.14588,17.030676
51.123993,17.042698
51.1234,17.039804
51.150303,17.028091
51.123726,17.03585
51.12426,17.034761
51.12483,17.035246
51.125084,17.035793
51.128193,17.03657
51.129753,17.036976
51.133476,17.036077
51.134808,17.03642
51.13554,17.036402
51.10148,17.10649
51.140087,17.032433
51.10117,17.108662
51.144367,17.031116
51.10116,17.108747
51.147587,17.030125
51.101425,17.10973
51.15029,17.028522
51.101402,17.1097
51.101395,17.109732
51.101406,17.109764
51.10144,17.109722
51.10144,17.109705
51.10144,17.109713
51.10111,17.108868
51.10111,17.108887
51.101425,17.107038
51.10224,17.101942
51.103172,17.096182
51.103878,17.090727
51.10446,17.084696
51.104515,17.082497
51.105705,17.0775
51.10704,17.073477
51.10861,17.068312
51.109985,17.064053
51.110664,17.062078
51.111267,17.061354
51.10111,17.109343
51.113445,17.06041
51.101475,17.10974
51.115784,17.06076
51.10147,17.10962
51.11932,17.057558
51.101162,17.108967
51.121063,17.054312
51.101154,17.108984
51.121925,17.05274
51.10113,17.108982
51.124634,17.045855
51.10111,17.10897
51.12392,17.044441
51.101135,17.10897
51.12348,17.0401
51.101173,17.108643
51.12335,17.036886
51.10254,17.100187
51.124275,17.0348
51.1032,17.096107
51.124836,17.03521
51.103836,17.090693
51.125114,17.035809
51.104355,17.086792
51.128162,17.036535
51.10478,17.08063
51.129753,17.03695
51.105312,17.078394
51.132446,17.036646
51.106327,17.07538
51.132446,17.036646
51.10721,17.072994
51.135246,17.036459
51.108936,17.067343
51.10111,17.108772
51.13697,17.036018
51.10993,17.064241
51.100986,17.109686
51.139668,17.032595
51.111275,17.061354
51.10098,17.109673
51.139668,17.03259
51.11339,17.060427
51.100994,17.10968
51.141144,17.032139
51.115482,17.06083
51.100975,17.109716
51.144325,17.031155
51.119247,17.057652
51.10142,17.109686
51.147903,17.03008
51.119884,17.056528
51.101482,17.109686
51.150284,17.028467
51.121975,17.052717
51.10145,17.109562
51.149864,17.026709
51.123245,17.049332
51.101414,17.109531
51.150154,17.02768
51.124035,17.0477
51.101234,17.109034
51.15019,17.02765
51.124107,17.044884
51.10121,17.108946
51.15018,17.02765
51.124035,17.043863
51.10171,17.104946
51.15018,17.027672
51.123466,17.03991
51.102253,17.102001
51.15018,17.027664
51.123726,17.035864
51.103264,17.095839
51.150173,17.027668
51.124287,17.035185
51.10388,17.090458
51.150185,17.027662
51.124405,17.034313
51.104465,17.084555
51.150154,17.027668
51.124847,17.03518
51.105175,17.078959
51.150158,17.027685
51.124855,17.035204
51.106518,17.075146
51.15016,17.02771
51.126915,17.036245
51.10729,17.072912
51.150208,17.029097
51.12848,17.036629
51.109013,17.06709
51.14847,17.02987
51.130413,17.037123
51.10998,17.063974
51.13346,17.036058
51.111305,17.061218
51.1344,17.036135
51.111332,17.06129
51.135773,17.036386
51.1136,17.060404
51.13965,17.0326
51.115574,17.060652
51.10111,17.10987
51.13963,17.032585
51.118618,17.059145
51.101414,17.109827
51.14114,17.032104
51.121387,17.053833
51.101166,17.108963
51.144375,17.03115
51.122925,17.050617
51.10116,17.108894
51.147865,17.030075
51.124775,17.045324
51.10116,17.108883
51.15029,17.028416
51.124126,17.044874
51.10116,17.108883
51.150215,17.026413
51.123547,17.040176
51.102028,17.103235
51.150066,17.027742
51.12348,17.036343
51.10294,17.09778
51.150085,17.027702
51.12398,17.0357
51.103775,17.091503
51.150055,17.02775
51.12434,17.03456
51.10441,17.086216
51.150066,17.027718
51.12492,17.035704
51.104523,17.082329
51.150063,17.027723
51.128204,17.03656
51.105167,17.078884
51.150272,17.028612
51.130394,17.037193
51.10706,17.07347
51.150265,17.028883
51.133133,17.036278
51.108116,17.070213
51.149254,17.02962
51.133717,17.035975
51.10946,17.065876
51.134766,17.036417
51.111217,17.0613
51.140587,17.03229
51.111305,17.061295
51.143215,17.031507
51.111195,17.061098
51.147346,17.03026
51.11463,17.060568
51.14963,17.029572
51.11591,17.06087
51.150352,17.02776
51.119698,17.057074
51.150127,17.02766
51.101265,17.108782
51.119892,17.056484
51.15011,17.02767
51.1012,17.108753
51.12293,17.050283
51.150112,17.027704
51.101166,17.109047
51.124622,17.045818
51.150112,17.027729
51.101173,17.109024
51.124134,17.044859
51.150127,17.027729
51.10118,17.109022
51.12409,17.04484
51.150127,17.027693
51.10118,17.109022
51.12385,17.041891
51.15012,17.027733
51.10163,17.10563
51.12337,17.036158
51.150135,17.02774
51.102547,17.10008
51.124268,17.034819
51.15012,17.027788
51.1032,17.096203
51.125145,17.03584
51.150158,17.027756
51.103912,17.090734
51.12822,17.03661
51.150154,17.027706
51.10446,17.084625
51.132435,17.036697
51.15029,17.02826
51.104782,17.080557
51.133488,17.0361
51.150208,17.028948
51.105114,17.078924
51.133488,17.036077
51.106335,17.075502
51.13555,17.036434
51.10722,17.073126
51.139606,17.032646
51.101055,17.10966
51.108932,17.067446
51.141075,17.032177
51.10104,17.109802
51.10987,17.064554
51.14306,17.03155
51.101433,17.109814
51.110893,17.062033
51.147594,17.030172
51.101467,17.109787
51.11136,17.061352
51.150314,17.028511
51.101456,17.109695
51.1114,17.061321
51.10146,17.109764
51.11459,17.06054
51.15012,17.027754
51.1012,17.109077
51.115753,17.06091
51.15013,17.027773
51.101185,17.108992
51.11988,17.056492
51.15012,17.02778
51.10115,17.108892
51.122,17.052713
51.15012,17.02779
51.101135,17.108898
51.123432,17.049074
51.15012,17.027775
51.101162,17.108706
51.124626,17.045675
51.15014,17.027775
51.10217,17.102337
51.12432,17.045042
51.150158,17.027798
51.1032,17.096138
51.124126,17.044874
51.150146,17.027796
51.10393,17.089989
51.12407,17.042816
51.150127,17.027796
51.10447,17.08464
51.12352,17.037275
51.1501,17.027782
51.105545,17.07772
51.124245,17.034874
51.150246,17.028063
51.106434,17.075142
51.12482,17.035229
51.15026,17.028906
51.107765,17.071342
51.12482,17.035284
51.109375,17.066017
51.12595,17.035982
51.109932,17.064383
51.128193,17.036572
51.110386,17.063002
51.129795,17.036882
51.113575,17.06042
51.133514,17.036034
51.115112,17.060661
51.135574,17.036402
51.115112,17.060661
51.13777,17.035097
51.11993,17.056522
51.140087,17.032433
51.12195,17.052708
51.144386,17.031107
51.10129,17.110065
51.12335,17.049498
51.145794,17.03068
51.10132,17.110054
51.12472,17.045805
51.14797,17.030046
51.10133,17.110062
51.124146,17.044823
51.15041,17.027681
51.10149,17.109783
51.12417,17.04486
51.101486,17.109762
51.12356,17.040304
51.101467,17.10978
51.123432,17.036386
51.101513,17.109781
51.123688,17.03577
51.1015,17.109776
51.12446,17.034334
51.15014,17.027847
51.10129,17.1093
51.125126,17.035807
51.15012,17.027822
51.101322,17.109304
51.125626,17.036032
51.150093,17.027796
51.101532,17.106256
51.12969,17.036991
51.150322,17.028372
51.102245,17.10197
51.133152,17.036232
51.150146,17.0293
51.10314,17.09616
51.133427,17.036123
51.103905,17.090246
51.135666,17.03643
51.10445,17.08463
51.137814,17.03511
51.105175,17.078884
51.140995,17.032173
51.10631,17.075651
51.14474,17.031033
51.107826,17.07128
51.14973,17.029507
51.108612,17.068394
51.10145,17.109795
51.109875,17.06456
51.101406,17.10975
51.150234,17.026457
51.1106,17.062283
51.101387,17.109756
51.150234,17.026457
51.111275,17.061335
51.10139,17.10941
51.150146,17.027697
51.11127,17.061317
51.101147,17.108835
51.150143,17.027737
51.113388,17.060417
51.101192,17.108885
51.150146,17.027727
51.114273,17.060497
51.101303,17.109024
51.150135,17.02774
51.11558,17.060785
51.101486,17.106512
51.15014,17.027685
51.118828,17.058441
51.102215,17.102087
51.150154,17.027723
51.121387,17.05382
51.103226,17.096245
51.15015,17.02773
51.1236,17.048605
51.103893,17.090435
51.15014,17.02773
51.124634,17.045856
51.104515,17.084652
51.15014,17.02773
51.12469,17.045723
51.1047,17.081427
51.124332,17.045027
51.107086,17.073448
51.12398,17.044737
51.10868,17.068375
51.123535,17.040216
51.1099,17.064463
51.123413,17.036282
51.111336,17.061333
51.124275,17.03495
51.101448,17.109678
51.111355,17.061375
51.124767,17.03463
51.101425,17.109694
51.11132,17.061304
51.124767,17.034637
51.1014,17.109623
51.11418,17.06038
51.12482,17.035233
51.1014,17.109575
51.11562,17.060797
51.12482,17.035217
51.101406,17.109604
51.117695,17.060486
51.12624,17.036064
51.101425,17.109632
51.121307,17.053984
51.129784,17.036993
51.10142,17.109634
51.12411,17.04727
51.132526,17.036594
51.10129,17.1093
51.124104,17.044865
51.13434,17.036104
51.10122,17.108957
51.12377,17.041508
51.13726,17.035812
51.101227,17.108994
51.12355,17.040138
51.13965,17.032633
51.10182,17.104507
51.123474,17.036459
51.139626,17.032637
51.10272,17.09919
51.124355,17.0348
51.143017,17.031546
51.103203,17.096125
51.12483,17.035227
51.145832,17.0307
51.103848,17.090633
51.1251,17.035795
51.14747,17.030212
51.104443,17.08455
51.12821,17.036554
51.1056,17.077684
51.130306,17.037016
51.105705,17.077234
51.13348,17.036058
51.107212,17.073042
51.133995,17.035887
51.108505,17.068743
51.135548,17.036427
51.109966,17.064178
51.140865,17.032211
51.11052,17.062471
51.14132,17.03208
51.11136,17.06132
51.144356,17.031147
51.11348,17.060385
51.14956,17.029566
51.116474,17.061235
51.150227,17.02642
51.1194,17.057333
51.150078,17.027674
51.12004,17.056154
51.150074,17.027752
51.12215,17.052439
51.150097,17.027735
51.124096,17.044785
51.15005,17.027721
51.12406,17.043818
51.150063,17.027739
51.123478,17.040136
51.15006,17.027737
51.123398,17.039867
51.15006,17.027737
51.124275,17.034912
51.15008,17.027777
51.12482,17.035286
51.150112,17.027695
51.125145,17.03584
51.150093,17.027742
51.128246,17.036613
51.150097,17.027735
51.132633,17.036629
51.15012,17.02777
51.133465,17.036087
51.15028,17.028728
51.1335,17.03611
51.135582,17.036428
51.13909,17.03296
51.1434,17.031458
51.1472,17.030312
51.150307,17.02844
51.101074,17.109491
51.150337,17.027805
51.101112,17.10962
51.149887,17.026608
51.101475,17.10983
51.15012,17.027716
51.101475,17.10983
51.15014,17.027767
51.101448,17.10981
51.15014,17.02773
51.101185,17.109035
51.150146,17.027702
51.101154,17.109049
51.150154,17.02767
51.10116,17.108667
51.150173,17.027685
51.102192,17.102283
51.15016,17.0277
51.10319,17.09616
51.15008,17.027771
51.103195,17.096165
51.150154,17.027739
51.104244,17.087666
51.150158,17.027742
51.104515,17.082363
51.150154,17.027721
51.10558,17.077698
51.150146,17.027695
51.107098,17.07347
51.150154,17.027735
51.10805,17.070496
51.149345,17.029604
51.10928,17.066303
51.1104,17.062885
51.111317,17.061321
51.11134,17.06141
51.113388,17.06045
51.101215,17.109983
51.115932,17.060934
51.101414,17.109806
51.119354,17.057648
51.10142,17.10979
51.121178,17.054188
51.101162,17.109037
51.122818,17.050646
51.10119,17.109058
51.124313,17.046843
51.10118,17.109024
51.12398,17.04407
51.10118,17.109024
51.12348,17.040148
51.101715,17.105064
51.12376,17.035835
51.102253,17.101784
51.12431,17.03479
51.103214,17.095768
51.12483,17.035255
51.103893,17.090578
51.124977,17.035746
51.104454,17.084663
51.128254,17.036572
51.104855,17.080002
51.13188,17.036964
51.105587,17.07769
51.133698,17.035961
51.107063,17.073486
51.13478,17.036394
51.10778,17.07138
51.101124,17.10878
51.137733,17.035166
51.108673,17.068142
51.101143,17.108788
51.139652,17.032564
51.10988,17.064487
51.101128,17.108738
51.14105,17.032137
51.111275,17.061304
51.101147,17.108795
51.144375,17.031136
51.11238,17.060654
51.101463,17.10968
51.14749,17.0302
51.11552,17.0607
51.101307,17.109303
51.150295,17.028479
51.118053,17.059746
51.10132,17.109304
51.150417,17.02687
51.120083,17.056156
51.10138,17.1093
51.15013,17.027674
51.122143,17.052446
51.10134,17.109255
51.150154,17.027706
51.12467,17.045847
51.101177,17.108864
51.150127,17.02768
51.124104,17.044846
51.10116,17.108858
51.150135,17.027681
51.124107,17.044836
51.101147,17.108852
51.150127,17.027685
51.124073,17.043169
51.101715,17.105349
51.150143,17.0277
51.123196,17.037806
51.102245,17.102064
51.150143,17.027674
51.12336,17.03671
51.103535,17.093307
51.150166,17.027693
51.124283,17.034895
51.10422,17.087776
51.150192,17.027689
51.124855,17.035238
51.10422,17.087776
51.15019,17.027697
51.125088,17.035788
51.10422,17.087776
51.150173,17.027678
51.128407,17.036625
51.10581,17.076994
51.15016,17.027676
51.129814,17.036978
51.10726,17.072893
51.15002,17.029396
51.13342,17.0361
51.108887,17.06754
51.13341,17.03609
51.110313,17.063274
51.135548,17.03642
51.111313,17.06136
51.10114,17.108662
51.137108,17.035946
51.111305,17.061333
51.101063,17.109581
51.13965,17.032629
51.11426,17.060387
51.101345,17.109896
51.14095,17.032192
51.115467,17.06067
51.101425,17.109732
51.144367,17.031147
51.118965,17.058266
51.101414,17.10974
51.147156,17.0303
51.119915,17.056532
51.101135,17.108892
51.149616,17.029552
51.12221,17.052427
51.10115,17.10892
51.15027,17.02845
51.124672,17.045809
51.10114,17.108923
51.1501,17.026398
51.12394,17.044136
51.101162,17.108978
51.15008,17.027721
51.1236,17.040863
51.1018,17.10454
51.150093,17.027739
51.123226,17.03767
51.10301,17.09721
51.150093,17.02775
51.124207,17.03567
51.103756,17.091286
51.15007,17.027702
51.124294,17.035124
51.10444,17.08589
51.15007,17.027702
51.124817,17.035194
51.104565,17.082079
51.150085,17.027689
51.12483,17.035198
51.10556,17.077747
51.15008,17.027752
51.1272,17.0363
51.1069,17.074198
51.150215,17.02894
51.12978,17.036976
51.108047,17.070524
51.148254,17.029943
51.131966,17.036942
51.108467,17.06879
51.133457,17.036098
51.101112,17.108814
51.109875,17.064552
51.13554,17.036448
51.10095,17.109734
51.109875,17.064556
51.139652,17.032621
51.10106,17.109966
51.111294,17.061398
51.13969,17.03259
51.101475,17.109581
51.11158,17.06115
51.143353,17.031467
51.101433,17.10957
51.115837,17.06087
51.146206,17.030622
51.10145,17.109575
51.119694,17.056932
51.147907,17.03008
51.101475,17.109577
51.121265,17.05406
51.15035,17.027681
51.10127,17.109074
51.123207,17.049358
51.10116,17.108875
51.124645,17.045837
51.150116,17.027824
51.101185,17.108889
51.12467,17.045757
51.150112,17.027826
51.101208,17.108871
51.124126,17.04486
51.15008,17.027796
51.101192,17.10891
51.12402,17.042885
51.150105,17.027775
51.101166,17.108656
51.12317,17.038128
51.150078,17.027788
51.102715,17.099173
51.123413,17.036177
51.150093,17.027817
51.103237,17.095758
51.12425,17.034792
51.150093,17.027763
51.104248,17.087736
51.124836,17.035233
51.150085,17.02782
51.104412,17.08426
51.12688,17.03616
51.150085,17.0278
51.105595,17.077625
51.128513,17.036636
51.150112,17.027802
51.1071,17.073421
51.13346,17.036072
51.150234,17.028902
51.10709,17.073416
51.134052,17.035963
51.149662,17.029505
51.109512,17.06564
51.135567,17.036385
51.11044,17.062899
51.139507,17.03267
51.11144,17.06121
51.139816,17.03251
51.101032,17.109838
51.111412,17.061123
51.142845,17.031586
51.101055,17.109592
51.112545,17.060514
51.146,17.030651
51.10147,17.109663
51.11684,17.06141
51.15017,17.029299
51.101475,17.10969
51.117638,17.060684
51.15029,17.028421
51.101467,17.109678
51.121994,17.052628
51.1501,17.02768
51.101173,17.108936
51.123714,17.04826
51.150127,17.027662
51.101177,17.108894
51.12467,17.04571
51.15015,17.027674
51.101166,17.108896
51.12416,17.044758
51.150127,17.027704
51.101185,17.108694
51.12378,17.041718
51.150127,17.027674
51.101387,17.10717
51.12343,17.03628
51.150127,17.027647
51.10298,17.097431
51.123734,17.035503
51.15015,17.027676
51.10322,17.0958
51.12443,17.034216
51.15011,17.027637
51.104145,17.088154
51.125435,17.035992
51.150166,17.027626
51.104145,17.088154
51.128185,17.036528
51.150166,17.027657
51.10531,17.078531
51.129772,17.036922
51.1011,17.109545
51.1501,17.027643
51.10582,17.077072
51.133446,17.036034
51.10105,17.109539
51.10704,17.073364
51.13484,17.036398
51.10132,17.110056
51.108204,17.069914
51.13748,17.035582
51.101315,17.110075
51.109768,17.06485
51.139874,17.032463
51.101326,17.11007
51.109955,17.063644
51.144375,17.031136
51.10132,17.110048
51.111275,17.061207
51.144394,17.031137
51.101315,17.109997
51.11176,17.060972
51.14751,17.030195
51.1013,17.110073
51.11597,17.060862
51.150284,17.028389
51.1013,17.110096
51.11891,17.058245
51.149956,17.026487
51.101467,17.109777
51.120102,17.056067
51.150154,17.027664
51.101467,17.109789
51.12198,17.052704
51.150154,17.027664
51.101463,17.109797
51.12458,17.046476
51.15014,17.027637
51.101475,17.109783
51.12467,17.045757
51.150154,17.027647
51.101433,17.109612
51.12459,17.045122
51.150154,17.027594
51.101208,17.10902
51.124107,17.04486
51.150192,17.027632
51.101845,17.104229
51.123978,17.043968
51.15019,17.027637
51.10219,17.102303
51.12335,17.037897
51.150223,17.027632
51.103504,17.093512
51.123875,17.035742
51.15016,17.027609
51.104485,17.08581
51.124573,17.034292
51.15016,17.027615
51.1046,17.081816
51.12512,17.035797
51.150234,17.02773
51.10557,17.077747
51.128147,17.036545
51.15032,17.028929
51.10706,17.073517
51.12858,17.03669
51.14848,17.029837
51.108334,17.069197
51.133026,17.036327
51.109886,17.064608
51.133457,17.036087
51.111286,17.061333
51.134094,17.03597
51.111282,17.061317
51.101124,17.109829
51.13552,17.036407
51.1155,17.060766
51.10148,17.10975
51.13801,17.034597
51.116787,17.061419
51.10143,17.109667
51.141136,17.032112
51.119884,17.056564
51.101414,17.109707
51.14435,17.031132
51.12198,17.052727
51.101147,17.109037
51.14716,17.03029
51.122,17.052788
51.10113,17.108946
51.147472,17.030188
51.1229,17.050499
51.101143,17.108994
51.150352,17.02777
51.12464,17.04589
51.101154,17.109022
51.150124,17.027618
51.124153,17.044893
51.101154,17.10901
51.150166,17.027653
51.124153,17.044851
51.10174,17.104906
51.15013,17.027645
51.12401,17.043974
51.102234,17.10198
51.15016,17.027628
51.123466,17.040257
51.103172,17.096132
51.15011,17.027636
51.123386,17.036263
51.10383,17.090618
51.15011,17.027624
51.12425,17.03481
51.104435,17.084656
51.150173,17.027672
51.124813,17.035192
51.10452,17.082537
51.150135,17.027672
51.126633,17.036167
51.105686,17.077297
51.15012,17.02767
51.128105,17.03652
51.10711,17.073486
51.150215,17.028873
51.13275,17.03652
51.10861,17.068316
51.14936,17.02961
51.13338,17.036112
51.101173,17.108759
51.109867,17.064478
51.133385,17.036093
51.101173,17.108744
51.1107,17.062046
51.135513,17.036413
51.101185,17.108759
51.11126,17.061266
51.13783,17.035006
51.101147,17.108786
51.114178,17.060478
51.139626,17.032612
51.101048,17.109737
51.11571,17.060871
51.139614,17.03262
51.10145,17.10968
51.11566,17.060846
51.14435,17.031128
51.101154,17.108953
51.11899,17.057993
51.14731,17.030235
51.10116,17.108992
51.120018,17.056236
51.14785,17.030071
51.101166,17.10899
51.12197,17.052656
51.15036,17.027733
51.101166,17.108986
51.12214,17.052355
51.14998,17.026525
51.10116,17.10898
51.124714,17.045603
51.15006,17.027668
51.101185,17.108646
51.124084,17.04487
51.150043,17.027678
51.1022,17.102266
51.12408,17.044895
51.150047,17.02768
51.102497,17.10059
51.124016,17.043018
51.15004,17.027664
51.103245,17.095667
51.12336,17.036606
51.15004,17.027664
51.103245,17.095667
51.124283,17.035656
51.15005,17.02768
51.10446,17.08459
51.12426,17.034468
51.15005,17.027697
51.105145,17.07905
51.124832,17.035196
51.150234,17.028893
51.105602,17.077646
51.12623,17.036066
51.107086,17.073395
51.128166,17.036518
51.101273,17.11007
51.10802,17.070648
51.130688,17.037214
51.10128,17.110075
51.10988,17.064459
51.133408,17.036106
51.10144,17.109966
51.111305,17.061255
51.133415,17.036077
51.101437,17.109783
51.11474,17.06059
51.13553,17.036427
51.10145,17.109804
51.116623,17.06133
51.137737,17.035093
51.101448,17.109783
51.117428,17.06099
51.139694,17.032598
51.101433,17.109762
51.12121,17.054115
51.14101,17.032152
51.10144,17.109737
51.123627,17.048357
51.144352,17.031149
51.10121,17.10922
51.124725,17.045507
51.14538,17.03083
51.10124,17.109198
51.12402,17.04387
51.15027,17.02868
51.101185,17.108599
51.123486,17.040142
51.10214,17.102345
51.123432,17.036213
51.1032,17.09575
51.1243,17.034864
51.10392,17.089922
51.124813,17.035263
51.10443,17.084658
51.125183,17.03586
51.105553,17.077696
51.128212,17.03655
51.10643,17.075113
51.132545,17.036617
51.10706,17.073444
51.13555,17.036448
51.109814,17.064646
51.135815,17.036425
51.1106,17.062235
51.14095,17.0322
51.11128,17.061317
51.144386,17.031158
51.11333,17.060444
51.146866,17.030394
51.115494,17.060759
51.150227,17.02928
51.11688,17.061462
51.101055,17.1097
51.11997,17.056349
51.15003,17.02765
51.10102,17.109673
51.121887,17.05282
51.150047,17.027748
51.10144,17.10985
51.12464,17.045828
51.150066,17.027742
51.101425,17.109846
51.12414,17.044918
51.15008,17.027742
51.101444,17.109806
51.12415,17.044916
51.15008,17.027742
51.101185,17.109083
51.12403,17.043928
51.1501,17.027748
51.101185,17.109028
51.123413,17.039934
51.150093,17.027746
51.101147,17.108973
51.123352,17.03671
51.150112,17.027729
51.102184,17.102322
51.124287,17.03564
51.15009,17.027725
51.10293,17.097797
51.124275,17.034966
51.15007,17.02776
51.103462,17.09381
51.124813,17.035252
51.150066,17.027756
51.104145,17.088282
51.124813,17.035257
51.1501,17.027796
51.10443,17.084656
51.125546,17.035952
51.150093,17.027819
51.1051,17.079088
51.128147,17.036577
51.150085,17.02779
51.105515,17.077772
51.1299,17.036982
51.14931,17.029577
51.10724,17.072979
51.13336,17.036142
51.10874,17.06799
51.13392,17.035929
51.101173,17.108719
51.110012,17.064152
51.135532,17.036423
51.10116,17.108723
51.1113,17.061342
51.138268,17.034142
51.101444,17.109713
51.111313,17.061277
51.1429,17.031612
51.101475,17.109695
51.11359,17.060396
51.144737,17.031052
51.10146,17.10969
51.115585,17.060799
51.149353,17.029636
51.10145,17.10972
51.118332,17.059278
51.150246,17.028591
51.10144,17.109709
51.119934,17.05652
51.149952,17.027477
51.10116,17.109022
51.12201,17.052704
51.101147,17.109
51.123833,17.048014
51.10117,17.108973
51.12412,17.04484
51.10111,17.108997
51.124092,17.044847
51.101707,17.10513
51.123825,17.041857
51.10224,17.10193
51.123215,17.037935
51.103233,17.095842
51.123417,17.036222
51.103767,17.09141
51.124287,17.034773
51.104465,17.084644
51.124275,17.034754
51.10486,17.079924
51.125465,17.035946
51.106945,17.07383
51.12824,17.03652
51.107826,17.071297
51.12984,17.03691
51.10972,17.06494
51.133217,17.036224
51.11028,17.063234
51.133427,17.036125
51.111294,17.061306
51.13555,17.036436
51.1113,17.061304
51.137054,17.035961
51.101196,17.10856
51.11445,17.060482
51.139664,17.032589
51.10116,17.108511
51.1159,17.060844
51.141212,17.03208
51.10117,17.108536
51.11734,17.061207
51.144367,17.031126
51.10106,17.109531
51.120068,17.05628
51.14674,17.030407
51.101448,17.109789
51.122746,17.051012
51.1502,17.029293
51.1012,17.108917
51.124466,17.046394
51.15029,17.028473
51.101147,17.108934
51.124065,17.044882
51.150112,17.027618
51.10115,17.10895
51.12404,17.044891
51.150135,17.027628
51.101166,17.108694
51.124096,17.043243
51.15012,17.027628
51.10225,17.101908
51.12319,17.037899
51.15011,17.027647
51.10384,17.090782
51.123726,17.035841
51.15011,17.027674
51.10446,17.085844
51.12435,17.034388
51.150166,17.027641
51.10502,17.079355
51.124832,17.035194
51.150177,17.027645
51.107063,17.073494
51.125854,17.03602
51.15018,17.027655
51.107826,17.071276
51.128166,17.036564
51.150284,17.028505
51.109352,17.066175
51.12961,17.036873
51.149162,17.02966
51.110428,17.063105
51.133446,17.03611
51.111294,17.061338
51.133987,17.03594
51.11333,17.060446
51.135326,17.03644
51.11543,17.060837
51.137753,17.035122
51.116707,17.061413
51.139626,17.032578
51.120007,17.056324
51.101482,17.109838
51.141014,17.032154
51.12192,17.052752
51.10152,17.109825
51.144394,17.031107
51.121944,17.052773
51.101467,17.109848
51.147503,17.030159
51.123573,17.048601
51.101154,17.109
51.147865,17.030056
51.124683,17.045841
51.10119,17.109018
51.150337,17.027765
51.124115,17.044838
51.10118,17.108963
51.150116,17.027645
51.124115,17.044836
51.101173,17.109013
51.15014,17.027678
51.12365,17.041142
51.101986,17.103434
51.15018,17.027702
51.123173,17.037914
51.10257,17.10015
51.150154,17.027685
51.123398,17.036358
51.103485,17.093714
51.15013,17.027658
51.12424,17.035023
51.103947,17.090378
51.150127,17.02766
51.12484,17.035168
51.104465,17.084679
51.15017,17.027676
51.126404,17.036087
51.104794,17.08051
51.150173,17.0277
51.12803,17.036545
51.107113,17.073465
51.150238,17.028933
51.13041,17.037125
51.108196,17.069965
51.14966,17.029509
51.13339,17.03617
51.10993,17.064634
51.10114,17.109331
51.13463,17.036314
51.11048,17.062963
51.101116,17.109713
51.135487,17.036444
51.1114,17.061354
51.101055,17.109879
51.13955,17.03267
51.11139,17.061342
51.101437,17.109838
51.139675,17.032625
51.113396,17.06041
51.101425,17.10983
51.14087,17.032248
51.116093,17.060717
51.101425,17.109844
51.144333,17.031202
51.11931,17.057772
51.10143,17.109854
51.14747,17.030237
51.12,17.05657
51.101425,17.109856
51.14746,17.03023
51.122307,17.052494
51.101192,17.109137
51.150352,17.027742
51.12478,17.04583
51.101192,17.109137
51.15006,17.02769
51.124107,17.044834
51.101185,17.109127
51.150055,17.0277
51.124073,17.04473
51.10121,17.109118
51.150066,17.027678
51.123833,17.041876
51.10176,17.104866
51.150055,17.027695
51.12327,17.037888
51.1022,17.102262
51.15003,17.027681
51.123787,17.035784
51.10324,17.095901
51.150043,17.027689
51.124466,17.03473
51.103954,17.090347
51.15008,17.02769
51.12489,17.03525
51.10447,17.08466
51.150047,17.027685
51.12661,17.03618
51.10557,17.077747
51.15005,17.027645
51.128475,17.036657
51.10708,17.073467
51.150227,17.028849
51.131813,17.037016
51.10837,17.069178
51.14834,17.02986
51.13344,17.036053
51.10992,17.064508
51.134415,17.03614
51.11062,17.062374
51.135765,17.036379
51.111412,17.061365
51.13817,17.034374
51.101078,17.109568
51.111454,17.061352
51.139645,17.032534
51.101475,17.109768
51.11355,17.060406
51.141052,17.032175
51.10148,17.109798
51.116066,17.060776
51.142895,17.031624
51.10137,17.109383
51.119873,17.056566
51.147556,17.030182
51.101368,17.109362
51.120106,17.056046
51.148,17.030056
51.101334,17.10942
51.123734,17.048157
51.150387,17.027845
51.101173,17.108946
51.124653,17.0452
51.150085,17.027746
51.101192,17.10898
51.12409,17.044703
51.150085,17.027746
51.101227,17.10863
51.123905,17.044094
51.150135,17.027729
51.10196,17.10364
51.12338,17.037624
51.15016,17.027704
51.102833,17.098509
51.12338,17.037624
51.150135,17.027723
51.103245,17.095575
51.124855,17.035192
51.150105,17.027716
51.103863,17.090698
51.125355,17.035942
51.150143,17.02772
51.10392,17.089972
51.128426,17.036564
51.150124,17.027756
51.104385,17.083912
51.131832,17.037
51.150234,17.028929
51.10557,17.077684
51.134403,17.036114
51.14926,17.029638
51.10708,17.07352
51.135746,17.03638
51.10804,17.070538
51.13932,17.032703
51.109894,17.064514
51.1406,17.03224
51.110573,17.062496
51.144424,17.031094
51.10118,17.10864
51.110573,17.062496
51.14712,17.030273
51.101093,17.109646
51.11168,17.06104
51.150345,17.028494
51.101086,17.109592
51.115646,17.060793
51.101074,17.109818
51.11723,17.06128
51.15018,17.027765
51.101425,17.109737
51.119873,17.056444
51.150097,17.027761
51.10143,17.10975
51.12204,17.052876
51.15011,17.027763
51.10116,17.109085
51.124096,17.047663
51.15008,17.027727
51.101185,17.10908
51.1247,17.045904
51.15006,17.02775
51.101177,17.1091
51.12415,17.044847
51.1501,17.02776
51.10116,17.109081
51.12396,17.044373
51.150078,17.02772
51.10116,17.109081
51.123528,17.040333
51.15008,17.027746
51.10184,17.104246
51.12345,17.036818
51.15006,17.02775
51.102642,17.09976
51.124405,17.035088
51.150066,17.027714
51.10348,17.093508
51.12484,17.03519
51.150234,17.028875
51.10446,17.085823
51.125435,17.035854
51.10438,17.084248
51.1281,17.036562
51.105774,17.077148
51.13059,17.037117
51.10716,17.073174
51.132423,17.036678
51.108646,17.068214
51.134064,17.035929
51.1104,17.06291
51.1355,17.036394
51.11128,17.06131
51.10114,17.109104
51.138866,17.033066
51.11128,17.061357
51.10104,17.109604
51.13975,17.032608
51.1139,17.060392
51.10106,17.109629
51.14115,17.03213
51.115555,17.060818
51.10146,17.10974
51.142994,17.03156
51.11845,17.059143
51.10145,17.109682
51.14688,17.03035
51.12004,17.056303
51.10146,17.10968
51.150253,17.029018
51.121975,17.052765
51.101215,17.108984
51.124165,17.04487
51.10121,17.109009
51.12416,17.04488
51.10118,17.108955
51.12406,17.043085
51.101173,17.108965
51.123436,17.0398
51.101826,17.104202
51.1237,17.035892
51.102665,17.099237
51.124294,17.034832
51.10351,17.09385
51.124943,17.035732
51.103943,17.090229
51.12849,17.036642
51.104485,17.084627
51.129986,17.037004
51.10467,17.081707
51.133186,17.03625
51.1057,17.077345
51.134354,17.036127
51.10784,17.071213
51.13553,17.036448
51.10876,17.067974
51.138676,17.03342
51.110645,17.0622
51.141148,17.032116
51.111282,17.061224
51.14456,17.031086
51.101032,17.109728
51.114803,17.060595
51.147953,17.030056
51.10107,17.10965
51.11561,17.060667
51.150257,17.028502
51.10104,17.109673
51.119225,17.057728
51.150333,17.027729
51.10127,17.109211
51.11994,17.056484
51.150032,17.02769
51.101208,17.109068
51.12218,17.052448
51.150047,17.027718
51.10122,17.109093
51.124645,17.045849
51.15003,17.027716
51.101234,17.1091
51.124695,17.045786
51.150032,17.027693
51.10125,17.109064
51.12404,17.043888
51.15004,17.027695
51.101234,17.10909
51.123528,17.040194
51.150055,17.027662
51.10116,17.108809
51.123787,17.035786
51.150047,17.027685
51.102272,17.101753
51.124294,17.034803
51.150032,17.027706
51.103203,17.096134
51.124813,17.035206
51.15025,17.028856
51.103767,17.091522
51.125534,17.035875
51.150253,17.028854
51.104153,17.088366
51.128387,17.036646
51.14937,17.029598
51.104633,17.081451
51.13188,17.036968
51.101265,17.110014
51.105774,17.077127
51.13554,17.036419
51.101265,17.11002
51.107807,17.071388
51.137245,17.035845
51.10129,17.110048
51.1095,17.065706
51.13967,17.032593
51.101276,17.110052
51.11043,17.062859
51.14108,17.032131
51.10128,17.11007
51.11146,17.0612
51.141285,17.032074
51.10127,17.11005
51.11396,17.060452
51.145596,17.030766
51.101307,17.110056
51.115673,17.060732
51.150314,17.028412
51.101307,17.109964
51.119568,17.057117
51.101467,17.109644
51.11994,17.05646
51.101246,17.10918
51.1222,17.052261
51.101273,17.10911
51.124115,17.04478
51.101227,17.109158
51.1241,17.04481
51.1012,17.10917
51.124035,17.043098
51.10165,17.105255
51.12328,17.037848
51.102165,17.102274
51.123707,17.03582
51.103153,17.095818
51.124306,17.03468
51.104168,17.087852
51.12486,17.035202
51.104313,17.084091
51.124847,17.035242
51.15024,17.028372
51.105755,17.077114
51.126266,17.036024
51.10652,17.07495
51.12837,17.036625
51.10934,17.066153
51.131443,17.03726
51.1107,17.062132
51.13475,17.03642
51.111267,17.06133
51.135807,17.036419
51.113377,17.060404
51.139053,17.032948
51.115513,17.060736
51.139732,17.032656
51.101086,17.109581
51.118225,17.05952
51.14206,17.03189
51.101067,17.109636
51.118916,17.05834
51.145775,17.030754
51.10107,17.109682
51.121964,17.052727
51.147915,17.030106
51.101414,17.1097
51.123886,17.047846
51.150257,17.028526
51.101418,17.10974
51.124645,17.045849
51.15032,17.027987
51.101406,17.10976
51.124195,17.044827
51.14995,17.027243
51.101406,17.109776
51.12409,17.04316
51.15014,17.027712
51.10142,17.109713
51.123184,17.037903
51.15016,17.027689
51.10118,17.10906
51.12385,17.035868
51.150085,17.02769
51.10122,17.109077
51.12466,17.034353
51.150093,17.027685
51.1015,17.106379
51.101074,17.109623
51.12554,17.035938
51.150124,17.027704
51.10219,17.102312
51.101093,17.10958
51.12974,17.03678
51.15016,17.02767
51.10348,17.093798
51.10148,17.109797
51.13178,17.03699
51.150158,17.027689
51.104225,17.087854
51.101505,17.109785
51.134068,17.035973
51.150177,17.027718
51.104458,17.084658
51.101494,17.109798
51.134342,17.036089
51.10512,17.079258
51.10146,17.109762
51.1378,17.035078
51.10631,17.075611
51.101467,17.10978
51.14005,17.032461
51.107807,17.071379
51.10145,17.10985
51.14472,17.03105
51.109882,17.064564
51.101456,17.10988
51.149395,17.029627
51.110775,17.06186
51.10146,17.109873
51.15037,17.027264
51.11133,17.061369
51.101463,17.10987
51.149914,17.026627
51.111332,17.061323
51.10144,17.10991
51.150066,17.027718
51.111633,17.061132
51.101467,17.109861
51.150074,17.027721
51.115448,17.060604
51.101505,17.109821
51.150085,17.027702
51.11677,17.061378
51.101425,17.109528
51.150074,17.027704
51.119915,17.056494
51.10112,17.10896
51.150063,17.02771
51.121952,17.052736
51.101166,17.108978
51.150074,17.027704
51.12383,17.04803
51.10115,17.108955
51.15006,17.027712
51.124107,17.044806
51.101166,17.108932
51.15006,17.027714
51.12408,17.044863
51.10182,17.10452
51.150093,17.02769
51.1239,17.042257
51.10269,17.099487
51.15027,17.028599
51.1234,17.039848
51.10357,17.093052
51.149517,17.02956
51.123974,17.035719
51.10384,17.090714
51.124332,17.035183
51.10462,17.0816
51.124325,17.034435
51.10572,17.077196
51.12486,17.03474
51.10786,17.071161
51.1013,17.11007
51.124905,17.035234
51.109905,17.064505
51.101276,17.110083
51.12509,17.035767
51.1104,17.06298
51.10128,17.110107
51.128227,17.0365
51.111298,17.061277
